Criterion,Weight,What to ask,What evidence to request,Score 0-5,Notes
Mode and carrier coverage,8,"Which parcel LTL FTL intermodal ocean air or other modes and carriers are supported?","Supported-mode list and representative onboarding example",,
Audit depth,12,"Which charges and shipment facts are independently re-performed?","Worked exception showing rate fuel accessorial and duplicate logic",,
Commercial authority,12,"How do you identify the contract tariff rate confirmation quote or amendment that controls the charge?","Source document reference and effective-date trail",,
Shipment evidence,8,"Which shipment facts support the billed-versus-expected comparison?","BOL PRO tracking delivery weight class or event evidence",,
Human review and ambiguity,8,"What happens when records conflict or authority is incomplete?","Example REVIEW or REJECTED disposition with reason",,
Dispute and recovery execution,8,"Who prepares and follows claims and who may contact carriers?","Sample dispute workflow and authorization boundary",,
Payment responsibilities,6,"Does the provider hold or transmit carrier funds or perform GL allocation?","Payment control and reconciliation description",,
Integrations and portability,8,"How does data move to and from ERP TMS WMS accounting and carrier systems?","Export sample integration list and exit/data portability terms",,
Recovery attribution,10,"How are automatic credits incumbent findings existing claims and duplicates excluded?","Attribution policy or Second-Look comparison example",,
Pricing basis,8,"What event makes a fee due and what is the denominator?","Written pricing definition including reversals and exclusions",,
Security retention and deletion,6,"Where does customer data move who can access it and how long is it retained?","Current controls providers retention and deletion terms",,
Proof quality,6,"Can one result be traced from invoice through settlement and reversal?","Worked evidence pack or representative customer-approved case",,
TOTAL,100,,,,