source_row,year,month,carrier_code,origin,destination,freight_pounds,mail_pounds,distance_miles,departures_performed,service_class,freight_present
2,2013,1,2E,HOM,HOM,0.00,0.00,0.00,2.00,L,0
3,2013,1,2E,HOM,KEB,0.00,345.00,26.00,30.00,F,0
5,2013,1,2E,HOM,SOV,2649.00,1846.00,16.00,71.00,F,1
10,2013,1,2E,PGM,KEB,355.00,41.00,3.00,28.00,F,1
13,2013,1,2E,SOV,KEB,601.00,68.00,10.00,23.00,F,1
15,2013,1,2F,ADQ,FAI,0.00,0.00,513.00,1.00,P,0
16,2013,1,2F,AET,UTO,1447.00,0.00,49.00,1.00,P,1
17,2013,1,2F,AKP,SCC,0.00,0.00,164.00,1.00,P,0
18,2013,1,2F,ANC,FAI,1336.00,0.00,261.00,1.00,P,1
21,2013,1,2F,FAI,AET,2564.00,1909.00,182.00,1.00,G,1
30,2013,1,4W,A27,FAI,2185.00,0.00,91.00,5.00,L,1
31,2013,1,4W,AET,FAI,0.00,0.00,182.00,1.00,L,0
32,2013,1,4W,AKP,BTT,1.00,0.00,85.00,4.00,F,1
33,2013,1,4W,AKP,CXF,15.00,0.00,73.00,2.00,F,1
36,2013,1,4W,BTT,CXF,0.00,0.00,43.00,1.00,F,0
103,2013,1,7H,AA8,SCC,0.00,0.00,34.00,2.00,L,0
104,2013,1,7H,ADQ,ANC,127.00,876.00,253.00,22.00,F,1
105,2013,1,7H,ADQ,ANC,4301.00,28155.00,253.00,100.00,F,1
106,2013,1,7H,ADQ,ANC,0.00,0.00,253.00,1.00,L,0
110,2013,1,7H,ADQ,ENA,66.00,0.00,200.00,1.00,F,1
