control_date,event_count,candidate_universe_id,candidate_symbol_count,candidate_symbols,source_repository,source_revision,source_blob_sha,source_kind,admissibility_status,blocking_reason
2011-04-19,2,retrospective-samplefirms:2011-04-19,35,ALB|AOS|BK|BTU|CCK|CMA|CPY|CREE|CSX|DST|FRX|GS|HOG|HUBG|IBM|INTC|JNJ|JRN|LLTC|NTRS|NYB|OMC|PCAR|RF|RNST|RVBD|SBIB|STT|TWIN|URI|USB|VASC|WWW|WYNN|YHOO,vgreg/hacked_earnings_jfe,c23c7d79d067a79d70cf20e31b072d3703497eae,bbb68de172f7ab2104714513a72547f3dad3b86c,RETROSPECTIVE_SAMPLE_FIRMS,DEFINITION_ONLY_NOT_POINT_IN_TIME,RETROSPECTIVE_SAMPLE_NOT_POINT_IN_TIME
2011-04-20,1,retrospective-samplefirms:2011-04-20,75,AAPL|ABT|ACTG|ACU|AF|AMGN|AMR|ATR|AXP|BAS|BRKL|BSX|CAKE|CATY|CMG|CNS|COBZ|COHU|CPHD|CPSI|CTBI|CVA|CVBF|DGX|DTLK|ETFC|FCF|FCX|FFIV|FWRD|GHL|GILD|HBAN|HBI|HCBK|HNI|HON|HTLD|IEX|KNX|LNET|LRCX|LUFK|MAR|MEG|MKSI|MO|MTG|MYE|NEU|NFX|PBCT|PGI|PII|PJC|QCOM|RBCAA|RLRN|RRR|SCSS|SLM|STJ|SYBT|T|TEX|TIN|TSCO|TXT|USG|UTX|VMED|WERN|WFC|YDNT|YUM,vgreg/hacked_earnings_jfe,c23c7d79d067a79d70cf20e31b072d3703497eae,bbb68de172f7ab2104714513a72547f3dad3b86c,RETROSPECTIVE_SAMPLE_FIRMS,DEFINITION_ONLY_NOT_POINT_IN_TIME,RETROSPECTIVE_SAMPLE_NOT_POINT_IN_TIME
2011-04-26,1,retrospective-samplefirms:2011-04-26,143,ABCB|ACI|ACPW|AGCO|AJG|AKS|ALL|ALTR|AMED|AMZN|AN|APKT|ARB|ASH|AXE|BGS|BIRT|BKI|BPFH|BRCM|BWLD|CAP|CBG|CBT|CBU|CBZ|CE|CGI|CHRW|CLUB|CMI|CNC|COH|CPLA|CRS|CSFL|CSL|CTS|CVGI|CVTI|DAL|DDIC|DFG|DV|DWA|EWBC|FBC|FMER|FTI|FUBC|GLF|GRA|GSBC|HA|HGIC|HSP|HSY|IACI|IBKC|ILMN|IMN|IRBT|JDAS|JLL|KCI|KEYN|KNOL|KO|KWR|LCAV|LCC|LECO|LIFE|LII|LMT|LXK|MHP|MLI|MMM|MNI|MRCY|MSL|MUSA|NLC|ODP|OSHC|OSIS|PEBO|PPDI|PVTB|QCOR|R|RCKY|RFMD|RKT|ROP|RRC|SAH|SBNY|SBX|SFN|SFSF|SGMO|SHBI|SIAL|SIMG|SMCI|SNV|SPAR|SSCC|STBA|STLY|STR|SWK|TBBK|TFX|TKR|TLAB|TMK|TRH|TRMK|TSS|UA|UBSI|UHS|ULTI|UMBF|UPS|USNA|UTL|VDSI|VIST|VLO|VSI|WAB|WAT|WDR|WMS|WSBC|WTI|WU|X|ZIXI,vgreg/hacked_earnings_jfe,c23c7d79d067a79d70cf20e31b072d3703497eae,bbb68de172f7ab2104714513a72547f3dad3b86c,RETROSPECTIVE_SAMPLE_FIRMS,DEFINITION_ONLY_NOT_POINT_IN_TIME,RETROSPECTIVE_SAMPLE_NOT_POINT_IN_TIME
2011-04-27,1,retrospective-samplefirms:2011-04-27,155,ABD|ABG|AEA|AFFX|AFL|AI|AIZ|AKAM|ALR|ARRS|ARW|ATI|AVY|BA|BDC|BHI|BLC|CEVA|CFR|CINF|CIT|CLFC|CMP|COG|COP|CPF|CTXS|CYH|DAN|DBD|DEST|DNB|DPS|DTE|DUF|DYAX|EAT|EBAY|ECPG|EDMC|EEFT|EFX|EGN|ENR|EQIX|ESSA|ETH|EVBN|EXC|FISV|FOE|FPTB|GD|GERN|GGG|GLW|GTI|HGR|HRC|HUVL|ICO|ICON|IDCC|IDIX|IFSIA|INSP|ISSI|ITC|ITRI|JAH|JMP|JNY|KAI|KBR|KEX|LCRY|LIZ|LL|LNBB|LNC|LOOP|LSI|LZ|MANT|MBLX|MCO|MDP|MERU|MKTX|MORN|MSO|MWV|NCI|NEWP|NKTR|NOC|NOV|NSC|NTRI|NVLS|NWE|OC|ODFL|OII|PAR|PCTI|PDLI|PFBX|PFCB|PMTC|PX|RES|RGS|RNOW|ROC|ROK|RYL|SATC|SBUX|SCG|SCI|SFLY|SIFI|SIGI|SJW|SKX|SLAB|SO|SPN|SPNC|SRCL|SRDX|SUPG|SUSQ|SVVS|SYA|TAL|TBI|TDY|TER|TLCR|TMO|TMP|TQNT|TRN|TUP|TVL|TWI|UAM|VAR|WHR|WIRE|WLL|WLP|WYN,vgreg/hacked_earnings_jfe,c23c7d79d067a79d70cf20e31b072d3703497eae,bbb68de172f7ab2104714513a72547f3dad3b86c,RETROSPECTIVE_SAMPLE_FIRMS,DEFINITION_ONLY_NOT_POINT_IN_TIME,RETROSPECTIVE_SAMPLE_NOT_POINT_IN_TIME
2011-07-20,1,retrospective-samplefirms:2011-07-20,32,AXP|BLK|BRKL|CAKE|COHU|CTBI|CVBF|DTLK|EBAY|ETFC|EWBC|FFIV|FWRD|HBI|IEX|INTC|MO|NTRS|PJC|RLI|SCSS|SLM|STJ|STLY|SYBT|TEX|TMP|TXT|UMPQ|USB|WERN|WSTL,vgreg/hacked_earnings_jfe,c23c7d79d067a79d70cf20e31b072d3703497eae,bbb68de172f7ab2104714513a72547f3dad3b86c,RETROSPECTIVE_SAMPLE_FIRMS,DEFINITION_ONLY_NOT_POINT_IN_TIME,RETROSPECTIVE_SAMPLE_NOT_POINT_IN_TIME
2011-07-26,1,retrospective-samplefirms:2011-07-26,64,ACPW|ACW|AMAG|AMZN|AVY|BGS|BIIB|BPFH|BWLD|CAP|CBT|CBU|CHE|CHRW|CIT|CMI|CPLA|CSL|CSS|DFG|EEFT|EK|ERTS|ESIO|FISV|GILD|GRA|HSY|ILMN|IRBT|ITI|JDAS|KCI|KEYN|LL|LLTC|LZ|MMM|MTW|NOV|ODP|OSHC|OXY|PCAR|PMTC|PPDI|RCKY|RF|SBNY|SVU|TCBK|TRMK|TRN|TSS|ULTI|UMBF|UPS|USNA|VLO|WAT|WDR|WSO|WU|ZIXI,vgreg/hacked_earnings_jfe,c23c7d79d067a79d70cf20e31b072d3703497eae,bbb68de172f7ab2104714513a72547f3dad3b86c,RETROSPECTIVE_SAMPLE_FIRMS,DEFINITION_ONLY_NOT_POINT_IN_TIME,RETROSPECTIVE_SAMPLE_NOT_POINT_IN_TIME
2011-07-27,2,retrospective-samplefirms:2011-07-27,84,ABD|ACXM|ADLR|AET|AFFX|AMKR|AMP|ARW|ATI|BMC|BOKF|CBG|CGI|CIE|CLFC|CLUB|COP|CROX|CTXS|DPS|DUF|DXPE|DYAX|EGN|EQIX|ESSA|EXC|FORR|GB|GGG|GLW|GMCR|HMA|HURN|ICAD|IDCC|ISSC|ITRI|JMP|KBR|KNX|LOOP|MANT|MBLX|MCO|MUR|MWV|NCI|NEE|NOR|PFCB|PX|R|RGEN|RNOW|ROC|RYL|SFE|SFLY|SIFI|SJW|SKX|SLGN|SPTN|SRCL|SSYS|STR|SUSQ|SYA|TAL|TBI|TER|TFX|THQI|TMO|TQNT|TRH|TVL|TWI|TYL|UGI|VMED|WIRE|WLL,vgreg/hacked_earnings_jfe,c23c7d79d067a79d70cf20e31b072d3703497eae,bbb68de172f7ab2104714513a72547f3dad3b86c,RETROSPECTIVE_SAMPLE_FIRMS,DEFINITION_ONLY_NOT_POINT_IN_TIME,RETROSPECTIVE_SAMPLE_NOT_POINT_IN_TIME
2011-08-03,1,retrospective-samplefirms:2011-08-03,74,AGN|APAC|ARTC|ATO|ATSG|BRKR|CBEY|CBOU|CCO|CCRN|CECO|CEG|CENT|CHMT|CLDX|CLH|CMCSA|CMCSK|CSII|CXO|DK|DVA|DVN|DXCM|EE|EIG|FICO|FIRE|FOR|FPIC|FTR|GAS|GEO|GGC|GMO|GTAT|GVA|HIG|IMGN|IN|IPI|KMPR|LGL|LOCM|MA|MDCI|MDS|MIC|MMC|MOLXA|NCIT|NJR|NSIT|ONNN|PL|POM|PRU|PVA|PXD|SAFT|SNTS|STRI|TG|TRK|TTEK|TWX|UNTD|USU|VLNC|WCG|WGL|WXS|XNPT|ZLCS,vgreg/hacked_earnings_jfe,c23c7d79d067a79d70cf20e31b072d3703497eae,bbb68de172f7ab2104714513a72547f3dad3b86c,RETROSPECTIVE_SAMPLE_FIRMS,DEFINITION_ONLY_NOT_POINT_IN_TIME,RETROSPECTIVE_SAMPLE_NOT_POINT_IN_TIME
2011-08-18,1,retrospective-samplefirms:2011-08-18,15,ADSK|BKE|BONT|DLTR|GME|GPS|HPQ|INTU|MENT|NDSN|PERY|SCSC|SSI|TTC|WTSLA,vgreg/hacked_earnings_jfe,c23c7d79d067a79d70cf20e31b072d3703497eae,bbb68de172f7ab2104714513a72547f3dad3b86c,RETROSPECTIVE_SAMPLE_FIRMS,DEFINITION_ONLY_NOT_POINT_IN_TIME,RETROSPECTIVE_SAMPLE_NOT_POINT_IN_TIME
2011-10-20,1,retrospective-samplefirms:2011-10-20,42,ACTG|ALXN|APKT|ATHN|BAX|BOOT|CMG|CSH|CY|DO|FITB|GMT|HITT|HUBB|IBKR|INDB|JNS|LH|LTM|MBFI|MYE|NBBC|NTCT|NYT|PENN|PGI|PPG|RMBS|RRR|SCHN|SNA|SNDK|SXT|T|TBBK|TCB|TNB|TZOO|UNP|USG|UTEK|WSO,vgreg/hacked_earnings_jfe,c23c7d79d067a79d70cf20e31b072d3703497eae,bbb68de172f7ab2104714513a72547f3dad3b86c,RETROSPECTIVE_SAMPLE_FIRMS,DEFINITION_ONLY_NOT_POINT_IN_TIME,RETROSPECTIVE_SAMPLE_NOT_POINT_IN_TIME
2011-10-21,1,retrospective-samplefirms:2011-10-21,5,GE|HAR|KCI|KSU|VVI,vgreg/hacked_earnings_jfe,c23c7d79d067a79d70cf20e31b072d3703497eae,bbb68de172f7ab2104714513a72547f3dad3b86c,RETROSPECTIVE_SAMPLE_FIRMS,DEFINITION_ONLY_NOT_POINT_IN_TIME,RETROSPECTIVE_SAMPLE_NOT_POINT_IN_TIME
2011-10-26,1,retrospective-samplefirms:2011-10-26,72,ABD|ACPW|ACXM|AGN|AMP|ARW|ATI|ATR|AVY|BEAV|BHB|BMC|BOKF|BYI|CGI|CLUB|CMP|COP|CPX|CYH|DPS|DXPE|EGN|EQIX|ESSA|EXC|FOE|FORR|FSLR|GLW|HBOS|HRS|IDCC|ITRI|JMP|KAI|KBR|KNX|MWV|NETL|PCTI|PMTC|PROJ|PX|RUTH|RYL|S|SEE|SFE|SFLY|SIFI|SJW|SKX|SLAB|SLGN|SPNC|SRCL|SSYS|SUSQ|SYA|TAL|TBI|TER|TEX|TMO|TMP|TQNT|TRH|TWI|TYL|WIRE|WRB,vgreg/hacked_earnings_jfe,c23c7d79d067a79d70cf20e31b072d3703497eae,bbb68de172f7ab2104714513a72547f3dad3b86c,RETROSPECTIVE_SAMPLE_FIRMS,DEFINITION_ONLY_NOT_POINT_IN_TIME,RETROSPECTIVE_SAMPLE_NOT_POINT_IN_TIME
2011-10-27,1,retrospective-samplefirms:2011-10-27,112,ACAT|AET|AMKR|ARBA|ARG|ART|ASGN|AVID|AVT|BABY|BBW|BCO|BNCL|BRKR|BRY|CAB|CAP|CBG|CCE|CL|CLD|CLW|CPSI|CRI|CRIS|CROX|CTCT|CTXS|CWEI|DECK|DLA|DLLR|DNB|DPL|DRIV|DYAX|ELX|EME|EMN|EPAY|EQT|ERTS|EVR|EXEL|EXP|FLWS|FVE|GB|GDOT|GIFI|GILD|GLCH|GSIT|GTI|HOT|HPY|HS|HSY|INCY|INSP|IRM|JDAS|KBW|KOPN|LCC|LL|LLL|MCO|MDS|MET|MGI|MGLN|MJN|MO|MOD|MRT|MSI|MTRN|MWW|NANO|NCR|ODFL|OXY|PACR|PFCB|PFG|PG|PMCS|QLGC|QSII|RGC|RGS|RS|RSYS|RTIX|SCSC|SHOR|SNMX|SNV|SONS|SRT|SXI|TDY|TWC|UQM|VMED|VRTX|VSEC|WM|WMAR|WOOF|XOM,vgreg/hacked_earnings_jfe,c23c7d79d067a79d70cf20e31b072d3703497eae,bbb68de172f7ab2104714513a72547f3dad3b86c,RETROSPECTIVE_SAMPLE_FIRMS,DEFINITION_ONLY_NOT_POINT_IN_TIME,RETROSPECTIVE_SAMPLE_NOT_POINT_IN_TIME
2012-01-23,2,retrospective-samplefirms:2012-01-23,6,CR|HAL|KSU|PKG|TBBK|TWIN,vgreg/hacked_earnings_jfe,c23c7d79d067a79d70cf20e31b072d3703497eae,bbb68de172f7ab2104714513a72547f3dad3b86c,RETROSPECTIVE_SAMPLE_FIRMS,DEFINITION_ONLY_NOT_POINT_IN_TIME,RETROSPECTIVE_SAMPLE_NOT_POINT_IN_TIME
2012-01-24,6,retrospective-samplefirms:2012-01-24,20,AAPL|BKI|CBSH|COH|ETH|MRCY|NRIM|OSIS|RF|RKT|SBNY|SMCI|SNV|TCB|TRMK|TSS|UMBF|WAT|WSTL|YHOO,vgreg/hacked_earnings_jfe,c23c7d79d067a79d70cf20e31b072d3703497eae,bbb68de172f7ab2104714513a72547f3dad3b86c,RETROSPECTIVE_SAMPLE_FIRMS,DEFINITION_ONLY_NOT_POINT_IN_TIME,RETROSPECTIVE_SAMPLE_NOT_POINT_IN_TIME
2012-01-25,7,retrospective-samplefirms:2012-01-25,41,ATI|BANR|BRKL|CGI|COP|CTS|CTXS|EGN|ESSA|ETFC|EXC|GLW|HXL|KNX|LCC|MOLXA|MSI|MUR|MWV|NYB|OXY|PII|PJC|PMTC|PX|RLI|ROK|SLAB|SNDK|STJ|SUSQ|SWK|SYBT|TER|TMP|TXT|UGI|UMPQ|URI|VIVO|WLP,vgreg/hacked_earnings_jfe,c23c7d79d067a79d70cf20e31b072d3703497eae,bbb68de172f7ab2104714513a72547f3dad3b86c,RETROSPECTIVE_SAMPLE_FIRMS,DEFINITION_ONLY_NOT_POINT_IN_TIME,RETROSPECTIVE_SAMPLE_NOT_POINT_IN_TIME
2012-01-26,6,retrospective-samplefirms:2012-01-26,54,ACAT|ARBA|ARG|ART|AVT|BAX|BNCL|BPFH|CASS|CL|CPSI|CRS|CRUS|CSH|CY|DLA|DLLR|DLX|DV|ELX|EMN|EQT|FLWS|GDOT|GSIT|HBOS|HUBB|JBHT|JNS|LNBB|MBFI|MJN|MKC|MMM|MWW|NPBC|NST|QLGC|QSII|RGS|RMBS|RRR|RVBD|RYL|SBUX|SCSC|T|TDY|TSRA|TWC|TZOO|UBSI|WERN|WMS,vgreg/hacked_earnings_jfe,c23c7d79d067a79d70cf20e31b072d3703497eae,bbb68de172f7ab2104714513a72547f3dad3b86c,RETROSPECTIVE_SAMPLE_FIRMS,DEFINITION_ONLY_NOT_POINT_IN_TIME,RETROSPECTIVE_SAMPLE_NOT_POINT_IN_TIME
2012-01-27,1,retrospective-samplefirms:2012-01-27,9,CMCO|CPX|CVX|GHM|MO|NEE|NWL|PG|SCBT,vgreg/hacked_earnings_jfe,c23c7d79d067a79d70cf20e31b072d3703497eae,bbb68de172f7ab2104714513a72547f3dad3b86c,RETROSPECTIVE_SAMPLE_FIRMS,DEFINITION_ONLY_NOT_POINT_IN_TIME,RETROSPECTIVE_SAMPLE_NOT_POINT_IN_TIME
2012-07-31,1,retrospective-samplefirms:2012-07-31,111,ABCO|ABFS|ACAS|ACOR|ADM|AET|AFFX|AJG|ALL|ATML|AUXL|BBOX|BMC|BRKR|BTUI|CAS|CBT|CECO|CEVA|CIE|CLD|CMI|CNW|CODE|COH|CRS|CRY|CVG|CVLT|DENN|DIN|DISCA|DISCB|DRIV|DWA|EA|EIX|ETR|EXAC|FALC|FARO|FMC|FTR|GLT|GNW|GT|GUID|HBI|HPY|HRS|HW|ININ|IPGP|IPXL|ITC|JLL|KEYN|KRA|LCAV|LIFE|LPLA|LQDT|LXRX|MD|MDC|MDSO|MGAM|MGRC|MLM|MWA|NBIX|NI|NMRX|OCLR|OKE|OPTR|PAG|PCTI|PEG|PFE|POL|PXD|PZZA|QEP|RATE|RBC|RJET|RLOC|ROG|RTIX|SCMF|SHF|SIMG|SYX|TECH|TFX|TMH|TRLG|TRW|TTWO|TVL|TWIN|ULTI|UNT|VRTS|VSH|WAIR|WTS|X|XCO|ZBRA,vgreg/hacked_earnings_jfe,c23c7d79d067a79d70cf20e31b072d3703497eae,bbb68de172f7ab2104714513a72547f3dad3b86c,RETROSPECTIVE_SAMPLE_FIRMS,DEFINITION_ONLY_NOT_POINT_IN_TIME,RETROSPECTIVE_SAMPLE_NOT_POINT_IN_TIME
2013-02-19,1,retrospective-samplefirms:2013-02-19,23,BCRX|BRKR|CCO|CF|CLUB|DELL|DMD|EE|FNGN|NU|QEP|RAIL|ROC|ROG|RRGB|SEE|TEX|TNC|TREX|TXRH|UAM|UNT|WTS,vgreg/hacked_earnings_jfe,c23c7d79d067a79d70cf20e31b072d3703497eae,bbb68de172f7ab2104714513a72547f3dad3b86c,RETROSPECTIVE_SAMPLE_FIRMS,DEFINITION_ONLY_NOT_POINT_IN_TIME,RETROSPECTIVE_SAMPLE_NOT_POINT_IN_TIME
2013-04-01,1,retrospective-samplefirms:2013-04-01,6,CALM|FSI|IDSA|LWAY|MBND|SORL,vgreg/hacked_earnings_jfe,c23c7d79d067a79d70cf20e31b072d3703497eae,bbb68de172f7ab2104714513a72547f3dad3b86c,RETROSPECTIVE_SAMPLE_FIRMS,DEFINITION_ONLY_NOT_POINT_IN_TIME,RETROSPECTIVE_SAMPLE_NOT_POINT_IN_TIME
2013-04-18,1,retrospective-samplefirms:2013-04-18,59,ACTG|ADS|AN|APH|ASBC|BAX|BBT|BGS|BTU|CBST|CE|CHE|CMG|COBZ|COF|CPHD|CY|DHR|ETFC|FCS|FCX|FFIN|FITB|FMFC|FWRD|HUBG|HWAY|IBM|IIIN|KEY|MNRK|MS|MSFT|NUE|OMC|OSTK|PBCT|PENN|PEP|PGI|PPG|PVTB|RBCAA|RMBS|SHW|SNA|SON|SXT|TZOO|UBNK|UNH|UNP|UTEK|VMI|VZ|WAL|WCC|WERN|WSO,vgreg/hacked_earnings_jfe,c23c7d79d067a79d70cf20e31b072d3703497eae,bbb68de172f7ab2104714513a72547f3dad3b86c,RETROSPECTIVE_SAMPLE_FIRMS,DEFINITION_ONLY_NOT_POINT_IN_TIME,RETROSPECTIVE_SAMPLE_NOT_POINT_IN_TIME
2013-04-23,4,retrospective-samplefirms:2013-04-23,93,AAPL|ABCB|ACI|ACW|AKS|AMAG|AMGN|AMSG|AOS|APD|ASTE|AXE|BCR|BRCM|CBU|CHCO|CIT|CNC|COH|CPLA|CREE|CTS|DAL|DD|DFS|DHX|DV|EAT|ETH|EXAC|FBC|FCF|FMER|FNB|FRX|FTI|GCI|GSBC|HA|HBI|HVB|IDXX|IRBT|ITC|ITW|JCI|JNS|LCC|LECO|LMT|LXK|MLI|MOLXA|NFX|NSC|OII|OMI|PCAR|PEBO|PII|PLCM|PULB|R|RAI|RCKY|RF|RFMD|RHI|RSH|SAH|SBNY|SFG|SHBI|SMCI|SNV|SPNC|STBA|T|TMK|TRMK|TSS|TWIN|UBSH|UIS|UMBF|USNA|UTX|WAT|WDR|WRB|XRX|YUM|ZIXI,vgreg/hacked_earnings_jfe,c23c7d79d067a79d70cf20e31b072d3703497eae,bbb68de172f7ab2104714513a72547f3dad3b86c,RETROSPECTIVE_SAMPLE_FIRMS,DEFINITION_ONLY_NOT_POINT_IN_TIME,RETROSPECTIVE_SAMPLE_NOT_POINT_IN_TIME
2013-04-24,4,retrospective-samplefirms:2013-04-24,128,ABG|AEGN|AFL|AIZ|AKAM|ALGT|ARRS|ASGN|ATI|AVY|BA|BAS|BKU|BRKL|BYD|BYI|CAKE|CAP|CFR|CLF|CLGX|CLW|CNO|COG|COHR|COLB|CROX|CSL|CTXS|CVGI|CWEI|DPS|EQIX|ESSA|EVR|F|FFIV|FICO|FIO|FMNB|FOE|FORR|GD|GGG|GLW|GRA|HFWA|HRC|ICON|ISH|ITMN|JAH|KEX|KNX|LLY|LSI|MKTX|MORN|MPX|MSA|MSI|MYE|NEU|NOC|NYCB|OC|ORRF|OSIS|PACR|PB|PCBK|PCS|PG|PMTC|PPBI|PX|QCOM|RES|RIMG|ROK|ROL|RYL|S|SCI|SIGI|SJW|SLAB|SLGN|SO|SRCL|SUSQ|SVU|SYA|SYBT|SYMM|TAL|TBBK|TBI|TDY|TER|TEX|TILE|TKR|TMO|TQNT|TROW|TSCO|TUP|TWI|TYL|UFI|USG|UTL|VAR|VLY|VMED|VPFG|WAB|WDC|WHR|WIRE|WLL|WLP|WM|WSBC|WYN|XLNX|XNPT,vgreg/hacked_earnings_jfe,c23c7d79d067a79d70cf20e31b072d3703497eae,bbb68de172f7ab2104714513a72547f3dad3b86c,RETROSPECTIVE_SAMPLE_FIRMS,DEFINITION_ONLY_NOT_POINT_IN_TIME,RETROSPECTIVE_SAMPLE_NOT_POINT_IN_TIME
2013-04-25,10,retrospective-samplefirms:2013-04-25,180,AAN|ABAX|ABC|ALK|ALTR|ALXN|AME|AMKR|AMZN|ATR|AVT|BBNK|BCO|BHE|BIIB|BLC|BLL|BMS|BMY|BSX|BWA|CAB|CAM|CB|CBG|CCE|CELG|CEMP|CGI|CINF|CL|CLUB|CMS|CNX|COLM|COP|CPSI|CRI|CRR|CRS|CRUS|CSH|CSTR|CTCT|D|DAN|DDE|DECK|DEST|DGII|DLA|DLB|DLX|DNKN|DO|DRC|DST|DWCH|ELY|EME|EQT|ESI|ETR|EXPE|FAF|FET|FII|GB|GFIG|GMT|GPK|GTI|HBOS|HERO|HITT|HLS|HOG|HSY|HTBK|HURN|HZO|IBKC|IGT|IM|INAP|INDB|IVC|JBLU|KBR|KEG|KLAC|KMT|LANC|LAWS|LBY|LEA|LEG|LLL|LSTR|LTM|LUV|LVLT|MCRS|MDP|MHO|MJN|MMM|MO|MOH|MSCC|MTRN|MXIM|N|NAFC|NATI|NBL|NCI|NR|NTCT|NTGR|NWE|NYT|ODFL|OLN|ORI|OXY|PATK|PFBX|PFG|PHM|PKI|PMCS|PRLB|PTEN|PXLW|REV|RGA|ROCM|RRC|RS|RSG|RSYS|RTIX|RTN|SBCF|SBUX|SCG|SCSC|SFE|SIAL|SIVB|SNMX|SOFO|SPN|SWK|SWKS|SXC|SYNA|TLAB|TMS|TRS|TSRA|TWC|UACL|UAL|UBSI|UFS|UHS|UPS|UTHR|VAC|VCI|VDSI|VIVO|WBSN|WOOF|WRLD|WYNN|XOM|ZMH,vgreg/hacked_earnings_jfe,c23c7d79d067a79d70cf20e31b072d3703497eae,bbb68de172f7ab2104714513a72547f3dad3b86c,RETROSPECTIVE_SAMPLE_FIRMS,DEFINITION_ONLY_NOT_POINT_IN_TIME,RETROSPECTIVE_SAMPLE_NOT_POINT_IN_TIME
2013-05-06,1,retrospective-samplefirms:2013-05-06,55,ALNY|APO|ARRY|ART|BPI|BRY|CCC|CECO|CKEC|CSU|CUI|DCO|EOG|FRNK|FRP|FSLR|FSS|FST|FTR|GDP|GTE|GWAY|HOLX|HTH|IILG|ININ|JMP|LBTYA|LDR|LXU|MATX|MINI|MPO|NLS|NMFC|NOG|PIKE|PL|PLNR|PNM|PRA|REN|SAFT|SGY|SKH|SMG|SNTS|SSP|TAXI|TWTC|USAK|WLK|WMS|Y|ZINC,vgreg/hacked_earnings_jfe,c23c7d79d067a79d70cf20e31b072d3703497eae,bbb68de172f7ab2104714513a72547f3dad3b86c,RETROSPECTIVE_SAMPLE_FIRMS,DEFINITION_ONLY_NOT_POINT_IN_TIME,RETROSPECTIVE_SAMPLE_NOT_POINT_IN_TIME
2013-05-07,3,retrospective-samplefirms:2013-05-07,115,ACAD|ACM|AFAM|AKRX|ANDE|ARAY|ARB|ARIA|ARTC|ARTNA|AXLL|BCRX|BLT|BWC|CCOI|CCRN|CDXS|CHRW|CHTR|CKP|CLMS|CLVS|CNK|COKE|CQB|CSV|CVU|CXPO|DFZ|DIS|DISCA|DMD|DSCO|DTV|DVA|DWRE|DWSN|EA|EMR|EPM|ESIO|ESSX|EXEL|FE|FNGN|FTEK|FURX|FXCM|GAIA|GBL|GCA|GEVA|GLDD|GNE|HCKT|HFC|HSIC|IFF|INFI|KERX|KS|KW|LNCE|LOPE|LYV|MCK|MDLZ|MNTG|NNBR|NRG|NSM|NTLS|NVTL|OAS|OME|OMX|ONE|ORA|OSIR|PLT|POWL|PQ|PRI|PRIM|PTRY|PZZA|QUAD|RBCN|RIGL|RLH|SCMP|SD|SGEN|SGMS|SHOO|SLH|SN|SPA|SRDX|SWS|TA|TAST|TDG|THRM|TRGT|TW|UNT|URS|VCLK|VPG|VSI|WBMD|WMB|WTI|XEC,vgreg/hacked_earnings_jfe,c23c7d79d067a79d70cf20e31b072d3703497eae,bbb68de172f7ab2104714513a72547f3dad3b86c,RETROSPECTIVE_SAMPLE_FIRMS,DEFINITION_ONLY_NOT_POINT_IN_TIME,RETROSPECTIVE_SAMPLE_NOT_POINT_IN_TIME
2013-05-08,1,retrospective-samplefirms:2013-05-08,79,ACRX|AFG|ALE|AOL|APP|ARQL|ATRS|ATSG|ATVI|AUMN|AVNR|BANC|BIOS|CECE|CENT|CF|CLNE|CLR|CTL|CTSH|CVO|DEPO|DK|EIG|ETM|FLL|FOR|GCOM|GKNT|GMCR|GNMK|GRPN|HALO|HE|HEK|IL|IPAR|JCOM|JOE|KOPN|LCI|LGND|LINTA|LIOX|LPSN|LVB|MED|MFB|MIDD|MM|MNTX|MTDR|NAVB|NEON|NP|NWS|NXST|OREX|PCRX|PHMD|PIP|POWR|POZN|PRSC|RAX|RST|SGMO|SKYW|SPAR|SUSS|SZYM|TESS|TRAK|TTGT|TTI|TUMI|WD|WEN|WG,vgreg/hacked_earnings_jfe,c23c7d79d067a79d70cf20e31b072d3703497eae,bbb68de172f7ab2104714513a72547f3dad3b86c,RETROSPECTIVE_SAMPLE_FIRMS,DEFINITION_ONLY_NOT_POINT_IN_TIME,RETROSPECTIVE_SAMPLE_NOT_POINT_IN_TIME
2013-07-23,4,retrospective-samplefirms:2013-07-23,84,AAPL|ABG|AKS|ALGT|ALTR|AMSG|APD|ASTE|AVY|AXE|BCR|BEAV|BRCM|BTU|CBU|CHCO|CIT|CNC|CPLA|CPWR|CSL|DD|DFS|DPZ|EA|EVBS|EXAC|EXAS|FBC|FCX|FMER|FNB|FRX|FTI|FUBC|GSBC|HA|HFWA|HVB|IBKC|IDXX|IGT|ILMN|IRBT|ITW|KFN|LMT|LXK|MLI|MO|MTG|NEOG|NSC|PCAR|PEBO|PENN|PII|PLCM|PPBI|R|RCKY|RF|RFMD|RHI|RSH|SAH|SBNY|SFG|SIAL|STBA|T|TCB|TRMK|TSS|UIS|UMBF|UPS|USNA|UTX|VPFG|WAT|WEN|WSBC|ZIXI,vgreg/hacked_earnings_jfe,c23c7d79d067a79d70cf20e31b072d3703497eae,bbb68de172f7ab2104714513a72547f3dad3b86c,RETROSPECTIVE_SAMPLE_FIRMS,DEFINITION_ONLY_NOT_POINT_IN_TIME,RETROSPECTIVE_SAMPLE_NOT_POINT_IN_TIME
2013-09-19,1,retrospective-samplefirms:2013-09-19,7,CAG|CTAS|IHS|MCS|PIR|RAD|SCHL,vgreg/hacked_earnings_jfe,c23c7d79d067a79d70cf20e31b072d3703497eae,bbb68de172f7ab2104714513a72547f3dad3b86c,RETROSPECTIVE_SAMPLE_FIRMS,DEFINITION_ONLY_NOT_POINT_IN_TIME,RETROSPECTIVE_SAMPLE_NOT_POINT_IN_TIME
2013-10-17,2,retrospective-samplefirms:2013-10-17,55,ACTG|ADS|APH|ASBC|BANF|BAX|BBNK|BBT|BGG|BGS|BPFH|BTU|CMG|COBZ|COF|CPHD|CY|DGX|DHR|DOV|FCS|FFIN|FITB|FNB|GHL|GS|HBAN|HBNC|HUBG|IIIN|MBFI|MTB|NTCT|NUE|PBCT|PENN|PPG|PVTB|RMBS|SNA|SON|SVU|SXT|TZOO|UBNK|UNH|UNP|USAK|UTEK|VMI|VZ|WAL|WDFC|WERN|WGO,vgreg/hacked_earnings_jfe,c23c7d79d067a79d70cf20e31b072d3703497eae,bbb68de172f7ab2104714513a72547f3dad3b86c,RETROSPECTIVE_SAMPLE_FIRMS,DEFINITION_ONLY_NOT_POINT_IN_TIME,RETROSPECTIVE_SAMPLE_NOT_POINT_IN_TIME
2013-10-21,2,retrospective-samplefirms:2013-10-21,37,ABCB|ANCX|AOS|BMRC|BSRR|BXS|CATY|CTG|DFS|FIBK|FUBC|FWRD|GCI|HAL|HAS|HLX|HSTM|HXL|IEX|ILMN|ITW|LII|MAN|MCD|MFSF|NFLX|NVR|RCII|SCL|SONC|SYMM|TXN|UCTT|VFC|WASH|WRB|ZION,vgreg/hacked_earnings_jfe,c23c7d79d067a79d70cf20e31b072d3703497eae,bbb68de172f7ab2104714513a72547f3dad3b86c,RETROSPECTIVE_SAMPLE_FIRMS,DEFINITION_ONLY_NOT_POINT_IN_TIME,RETROSPECTIVE_SAMPLE_NOT_POINT_IN_TIME
2013-10-22,2,retrospective-samplefirms:2013-10-22,69,ABAX|ABG|AKS|ALTR|AMGN|AMSG|APOL|AXE|BCR|BKU|BRCM|CBST|CBU|CIT|CLMS|CNC|COH|CPLA|CREE|CSL|DAL|DD|DTLK|DYAX|EXAC|FBC|FCX|FMER|FRX|FTI|GSBC|HA|HOG|HVB|IBKC|IDXX|IRBT|KMB|LMT|LXK|MHFI|MLI|NUS|PEBO|PII|R|RAI|RF|RFMD|RHI|RSH|SBNY|SFG|SIAL|SMCI|SNV|STT|TRMK|TSS|TWIN|UIS|UMBF|USNA|UTX|VPFG|WAT|WHR|WSBC|ZIXI,vgreg/hacked_earnings_jfe,c23c7d79d067a79d70cf20e31b072d3703497eae,bbb68de172f7ab2104714513a72547f3dad3b86c,RETROSPECTIVE_SAMPLE_FIRMS,DEFINITION_ONLY_NOT_POINT_IN_TIME,RETROSPECTIVE_SAMPLE_NOT_POINT_IN_TIME
2014-12-10,1,retrospective-samplefirms:2014-12-10,13,AVNR|CASY|CHKE|CMN|CMTL|COST|MILL|MW|PPHM|RH|SIGM|SURG|TITN,vgreg/hacked_earnings_jfe,c23c7d79d067a79d70cf20e31b072d3703497eae,bbb68de172f7ab2104714513a72547f3dad3b86c,RETROSPECTIVE_SAMPLE_FIRMS,DEFINITION_ONLY_NOT_POINT_IN_TIME,RETROSPECTIVE_SAMPLE_NOT_POINT_IN_TIME
2014-12-15,1,retrospective-samplefirms:2014-12-15,3,LBMH|PAY|WG,vgreg/hacked_earnings_jfe,c23c7d79d067a79d70cf20e31b072d3703497eae,bbb68de172f7ab2104714513a72547f3dad3b86c,RETROSPECTIVE_SAMPLE_FIRMS,DEFINITION_ONLY_NOT_POINT_IN_TIME,RETROSPECTIVE_SAMPLE_NOT_POINT_IN_TIME
2015-01-20,1,retrospective-samplefirms:2015-01-20,14,AMD|BHI|BSRR|DAL|FULT|IGTE|JNJ|MBWM|MTB|MTG|NFLX|OMN|RNST|UFI,vgreg/hacked_earnings_jfe,c23c7d79d067a79d70cf20e31b072d3703497eae,bbb68de172f7ab2104714513a72547f3dad3b86c,RETROSPECTIVE_SAMPLE_FIRMS,DEFINITION_ONLY_NOT_POINT_IN_TIME,RETROSPECTIVE_SAMPLE_NOT_POINT_IN_TIME
2015-01-21,2,retrospective-samplefirms:2015-01-21,8,BGG|BXS|CATY|CNS|FCCO|OSBC|PCBK|XLNX,vgreg/hacked_earnings_jfe,c23c7d79d067a79d70cf20e31b072d3703497eae,bbb68de172f7ab2104714513a72547f3dad3b86c,RETROSPECTIVE_SAMPLE_FIRMS,DEFINITION_ONLY_NOT_POINT_IN_TIME,RETROSPECTIVE_SAMPLE_NOT_POINT_IN_TIME
2015-01-22,3,retrospective-samplefirms:2015-01-22,27,ALK|ALTR|AMRB|ASB|BANF|BBT|CODE|COF|CY|FBC|FFIN|FII|FNB|INFN|JCI|KEY|KLAC|LUV|MSCC|MXIM|ORI|SIVB|UAL|UNP|UPI|VZ|WBS,vgreg/hacked_earnings_jfe,c23c7d79d067a79d70cf20e31b072d3703497eae,bbb68de172f7ab2104714513a72547f3dad3b86c,RETROSPECTIVE_SAMPLE_FIRMS,DEFINITION_ONLY_NOT_POINT_IN_TIME,RETROSPECTIVE_SAMPLE_NOT_POINT_IN_TIME
2015-01-27,2,retrospective-samplefirms:2015-01-27,37,AAL|AKS|AMGN|AOS|ARAY|BTU|CAT|CLMS|CUBI|DCOM|DD|DHR|DOV|FMER|FTK|HBCP|IGT|ISCA|ISSI|JNPR|LMT|LTXB|LXK|MSL|NEE|NUE|PEBO|POL|SBCF|STBA|STL|TDG|UBNK|VMW|WDC|WSBC|X,vgreg/hacked_earnings_jfe,c23c7d79d067a79d70cf20e31b072d3703497eae,bbb68de172f7ab2104714513a72547f3dad3b86c,RETROSPECTIVE_SAMPLE_FIRMS,DEFINITION_ONLY_NOT_POINT_IN_TIME,RETROSPECTIVE_SAMPLE_NOT_POINT_IN_TIME
2015-01-28,3,retrospective-samplefirms:2015-01-28,43,AEP|AF|ALB|ALGT|AME|ATK|BA|BRKL|CAVM|CFR|CGI|CVLT|DWCH|EAT|ENR|EXTR|FB|FCF|FTNT|GD|GHL|HOLX|IBKC|IP|ISIL|KEX|LRCX|LVS|MDC|MDP|MKC|MTOR|PRXL|QCOM|RES|SEIC|SGI|SHOR|STLD|TROW|TSCO|TUP|VAR,vgreg/hacked_earnings_jfe,c23c7d79d067a79d70cf20e31b072d3703497eae,bbb68de172f7ab2104714513a72547f3dad3b86c,RETROSPECTIVE_SAMPLE_FIRMS,DEFINITION_ONLY_NOT_POINT_IN_TIME,RETROSPECTIVE_SAMPLE_NOT_POINT_IN_TIME
2015-01-29,3,retrospective-samplefirms:2015-01-29,62,ABT|AIT|ALGN|APD|BRCM|CACB|CAH|CAM|CASH|CB|CMS|COHR|COLB|CPHD|CRR|DECK|DGX|DHX|DST|ELX|ELY|EMC|F|FICO|GSIT|HA|HAE|HLIT|HOG|ISBC|JBLU|KEM|KMT|LANC|LEG|LSTR|LTRX|MBVT|MCHP|MTH|N|NATI|NGVC|NOC|PFPT|PHM|RHI|RTN|SHW|SIGI|SWI|SYNA|TKR|UIS|V|VIA|VIAB|VLO|VLY|VRTS|WCC|ZMH,vgreg/hacked_earnings_jfe,c23c7d79d067a79d70cf20e31b072d3703497eae,bbb68de172f7ab2104714513a72547f3dad3b86c,RETROSPECTIVE_SAMPLE_FIRMS,DEFINITION_ONLY_NOT_POINT_IN_TIME,RETROSPECTIVE_SAMPLE_NOT_POINT_IN_TIME
2015-02-02,3,retrospective-samplefirms:2015-02-02,8,ADVS|APC|CLF|LII|LMNX|MTSC|SLCT|TMK,vgreg/hacked_earnings_jfe,c23c7d79d067a79d70cf20e31b072d3703497eae,bbb68de172f7ab2104714513a72547f3dad3b86c,RETROSPECTIVE_SAMPLE_FIRMS,DEFINITION_ONLY_NOT_POINT_IN_TIME,RETROSPECTIVE_SAMPLE_NOT_POINT_IN_TIME
2015-02-03,1,retrospective-samplefirms:2015-02-03,28,ACI|AFL|AI|AJG|AN|ARRY|ATW|BHE|CNC|EW|FHCO|GCI|HRC|IACI|JKHY|JLL|LDR|LSCC|MHO|MLI|OCLR|POWL|SC|SPR|TECH|THR|VTSS|WEN,vgreg/hacked_earnings_jfe,c23c7d79d067a79d70cf20e31b072d3703497eae,bbb68de172f7ab2104714513a72547f3dad3b86c,RETROSPECTIVE_SAMPLE_FIRMS,DEFINITION_ONLY_NOT_POINT_IN_TIME,RETROSPECTIVE_SAMPLE_NOT_POINT_IN_TIME
2015-02-04,1,retrospective-samplefirms:2015-02-04,36,ABG|ALL|ARCB|ATML|BKD|BSX|CINF|CLX|CNW|CTSH|CVD|DATA|ENS|EPM|EXAR|FGL|FMC|FORM|FRPH|GM|HAIN|HI|HUBG|IRBT|LG|LVLT|MOD|MSON|PNNT|PRCP|SE|SO|THG|UA|UHAL|WHR,vgreg/hacked_earnings_jfe,c23c7d79d067a79d70cf20e31b072d3703497eae,bbb68de172f7ab2104714513a72547f3dad3b86c,RETROSPECTIVE_SAMPLE_FIRMS,DEFINITION_ONLY_NOT_POINT_IN_TIME,RETROSPECTIVE_SAMPLE_NOT_POINT_IN_TIME
2015-02-05,2,retrospective-samplefirms:2015-02-05,42,ADS|ARCW|ASYS|BLL|BR|BRS|CFN|CHTR|CME|CMI|COTY|ECHO|EGAN|ETR|EXPE|GPI|GPK|INUV|LF|LIOX|MFLX|MTD|MWIV|NUS|OLN|OUTR|PPL|PTEN|RENT|RFP|RSTI|SIRI|SLH|SPF|SYMC|TDC|TPX|TSYS|UEPS|UTI|VMC|YELP,vgreg/hacked_earnings_jfe,c23c7d79d067a79d70cf20e31b072d3703497eae,bbb68de172f7ab2104714513a72547f3dad3b86c,RETROSPECTIVE_SAMPLE_FIRMS,DEFINITION_ONLY_NOT_POINT_IN_TIME,RETROSPECTIVE_SAMPLE_NOT_POINT_IN_TIME
2015-02-10,2,retrospective-samplefirms:2015-02-10,24,AKAM|ALR|ANDE|CNO|CVS|CYNO|DF|FTI|GHDX|GNW|JIVE|MKTO|OMC|PCG|RAI|REGN|RKUS|SGMO|TAP|THOR|TMH|TRMB|VSAT|WYN,vgreg/hacked_earnings_jfe,c23c7d79d067a79d70cf20e31b072d3703497eae,bbb68de172f7ab2104714513a72547f3dad3b86c,RETROSPECTIVE_SAMPLE_FIRMS,DEFINITION_ONLY_NOT_POINT_IN_TIME,RETROSPECTIVE_SAMPLE_NOT_POINT_IN_TIME
2015-02-11,1,retrospective-samplefirms:2015-02-11,31,ABCO|ARMK|BGCP|CJES|CRAY|CRWS|CSCO|CTL|CVA|CVO|EFX|FEYE|HNI|HOS|HSIC|MDLZ|MKL|MOS|NTAP|NVDA|OC|OII|PAG|PEP|PNRA|QDEL|TCX|TSLA|USAK|VOYA|WEC,vgreg/hacked_earnings_jfe,c23c7d79d067a79d70cf20e31b072d3703497eae,bbb68de172f7ab2104714513a72547f3dad3b86c,RETROSPECTIVE_SAMPLE_FIRMS,DEFINITION_ONLY_NOT_POINT_IN_TIME,RETROSPECTIVE_SAMPLE_NOT_POINT_IN_TIME
2015-02-12,6,retrospective-samplefirms:2015-02-12,34,AMRI|ANR|APA|AVP|BIOD|BWA|BYD|CBS|CYTK|DBD|DVA|FAF|FLO|GNC|HE|HSP|JAH|K|KRFT|LNCE|MHFI|NR|NWE|RLGT|RSG|SANW|SCOR|SIAL|SPW|SSTK|THS|TOWR|VG|WD,vgreg/hacked_earnings_jfe,c23c7d79d067a79d70cf20e31b072d3703497eae,bbb68de172f7ab2104714513a72547f3dad3b86c,RETROSPECTIVE_SAMPLE_FIRMS,DEFINITION_ONLY_NOT_POINT_IN_TIME,RETROSPECTIVE_SAMPLE_NOT_POINT_IN_TIME
2015-02-17,5,retrospective-samplefirms:2015-02-17,16,FE|GPC|GT|KAR|LECO|LZB|MASI|MGM|PES|RAX|RBC|VDSI|VMI|WLT|WWW|XEC,vgreg/hacked_earnings_jfe,c23c7d79d067a79d70cf20e31b072d3703497eae,bbb68de172f7ab2104714513a72547f3dad3b86c,RETROSPECTIVE_SAMPLE_FIRMS,DEFINITION_ONLY_NOT_POINT_IN_TIME,RETROSPECTIVE_SAMPLE_NOT_POINT_IN_TIME
2015-02-18,2,retrospective-samplefirms:2015-02-18,22,ARRS|DORM|DUK|EEP|EOG|EPE|FNF|HUN|KEG|MAR|MDCO|NI|OGS|PCYC|REMY|SBGI|SCL|SIX|SNPS|SUNE|THRX|TILE,vgreg/hacked_earnings_jfe,c23c7d79d067a79d70cf20e31b072d3703497eae,bbb68de172f7ab2104714513a72547f3dad3b86c,RETROSPECTIVE_SAMPLE_FIRMS,DEFINITION_ONLY_NOT_POINT_IN_TIME,RETROSPECTIVE_SAMPLE_NOT_POINT_IN_TIME
2015-02-19,2,retrospective-samplefirms:2015-02-19,25,ANIP|BAS|BRCD|CVI|DAN|DMRC|ED|HY|IDA|INAP|MHK|MRC|NBL|NMIH|PCLN|PKD|PWR|RS|SAAS|SCG|SEM|SPN|UACL|VNDA|WST,vgreg/hacked_earnings_jfe,c23c7d79d067a79d70cf20e31b072d3703497eae,bbb68de172f7ab2104714513a72547f3dad3b86c,RETROSPECTIVE_SAMPLE_FIRMS,DEFINITION_ONLY_NOT_POINT_IN_TIME,RETROSPECTIVE_SAMPLE_NOT_POINT_IN_TIME
2015-02-23,5,retrospective-samplefirms:2015-02-23,9,AWI|AXL|AXTI|DEPO|ESRX|LNT|OKE|PDLI|SF,vgreg/hacked_earnings_jfe,c23c7d79d067a79d70cf20e31b072d3703497eae,bbb68de172f7ab2104714513a72547f3dad3b86c,RETROSPECTIVE_SAMPLE_FIRMS,DEFINITION_ONLY_NOT_POINT_IN_TIME,RETROSPECTIVE_SAMPLE_NOT_POINT_IN_TIME
2015-02-25,3,retrospective-samplefirms:2015-02-25,30,AEE|AFAM|AR|AVA|BBG|BSFT|CCOI|CRM|CSV|CWT|DIN|EHTH|ESCA|EV|FARO|ISLE|LB|LL|LOW|MCRI|MDVN|OAS|OREX|STAA|SWX|TEG|TREE|USM|UVE|WDAY,vgreg/hacked_earnings_jfe,c23c7d79d067a79d70cf20e31b072d3703497eae,bbb68de172f7ab2104714513a72547f3dad3b86c,RETROSPECTIVE_SAMPLE_FIRMS,DEFINITION_ONLY_NOT_POINT_IN_TIME,RETROSPECTIVE_SAMPLE_NOT_POINT_IN_TIME
2015-02-26,1,retrospective-samplefirms:2015-02-26,42,AMWD|BIO|CHS|CKH|CNP|CYBX|DGI|ECOL|ERIE|EVC|GCAP|GEVA|GOGO|HTWR|ICON|IM|IPCC|ITC|KOP|KWR|LYV|MEG|MTZ|NMBL|NOG|NTLS|OGE|OVTI|PKT|PODD|ROST|SD|SEAS|SHLD|SRE|SRPT|SWN|TASR|UHS|VAC|VC|WAC,vgreg/hacked_earnings_jfe,c23c7d79d067a79d70cf20e31b072d3703497eae,bbb68de172f7ab2104714513a72547f3dad3b86c,RETROSPECTIVE_SAMPLE_FIRMS,DEFINITION_ONLY_NOT_POINT_IN_TIME,RETROSPECTIVE_SAMPLE_NOT_POINT_IN_TIME
2015-03-03,1,retrospective-samplefirms:2015-03-03,8,ACY|DKS|INSY|KATE|SWHC|THLD|TIVO|ZLTQ,vgreg/hacked_earnings_jfe,c23c7d79d067a79d70cf20e31b072d3703497eae,bbb68de172f7ab2104714513a72547f3dad3b86c,RETROSPECTIVE_SAMPLE_FIRMS,DEFINITION_ONLY_NOT_POINT_IN_TIME,RETROSPECTIVE_SAMPLE_NOT_POINT_IN_TIME
2015-03-10,2,retrospective-samplefirms:2015-03-10,11,CVGI|EOX|ERA|LDR|NCS|NNBR|NWPX|SALM|SGA|SURG|TCPC,vgreg/hacked_earnings_jfe,c23c7d79d067a79d70cf20e31b072d3703497eae,bbb68de172f7ab2104714513a72547f3dad3b86c,RETROSPECTIVE_SAMPLE_FIRMS,DEFINITION_ONLY_NOT_POINT_IN_TIME,RETROSPECTIVE_SAMPLE_NOT_POINT_IN_TIME
2015-03-19,2,retrospective-samplefirms:2015-03-19,5,CATO|GMAN|LEN|RALY|VNCE,vgreg/hacked_earnings_jfe,c23c7d79d067a79d70cf20e31b072d3703497eae,bbb68de172f7ab2104714513a72547f3dad3b86c,RETROSPECTIVE_SAMPLE_FIRMS,DEFINITION_ONLY_NOT_POINT_IN_TIME,RETROSPECTIVE_SAMPLE_NOT_POINT_IN_TIME
2015-03-25,2,retrospective-samplefirms:2015-03-25,3,DXLG|VRML|WOR,vgreg/hacked_earnings_jfe,c23c7d79d067a79d70cf20e31b072d3703497eae,bbb68de172f7ab2104714513a72547f3dad3b86c,RETROSPECTIVE_SAMPLE_FIRMS,DEFINITION_ONLY_NOT_POINT_IN_TIME,RETROSPECTIVE_SAMPLE_NOT_POINT_IN_TIME
2015-03-26,2,retrospective-samplefirms:2015-03-26,3,CMC|NVEE|WGO,vgreg/hacked_earnings_jfe,c23c7d79d067a79d70cf20e31b072d3703497eae,bbb68de172f7ab2104714513a72547f3dad3b86c,RETROSPECTIVE_SAMPLE_FIRMS,DEFINITION_ONLY_NOT_POINT_IN_TIME,RETROSPECTIVE_SAMPLE_NOT_POINT_IN_TIME
2015-03-31,1,retrospective-samplefirms:2015-03-31,1,WG,vgreg/hacked_earnings_jfe,c23c7d79d067a79d70cf20e31b072d3703497eae,bbb68de172f7ab2104714513a72547f3dad3b86c,RETROSPECTIVE_SAMPLE_FIRMS,DEFINITION_ONLY_NOT_POINT_IN_TIME,RETROSPECTIVE_SAMPLE_NOT_POINT_IN_TIME
2015-04-16,2,retrospective-samplefirms:2015-04-16,14,ADS|AMD|ASB|BANF|CCK|COBZ|FFIN|FRC|IIIN|KEY|PBCT|PVTB|SHW|WBS,vgreg/hacked_earnings_jfe,c23c7d79d067a79d70cf20e31b072d3703497eae,bbb68de172f7ab2104714513a72547f3dad3b86c,RETROSPECTIVE_SAMPLE_FIRMS,DEFINITION_ONLY_NOT_POINT_IN_TIME,RETROSPECTIVE_SAMPLE_NOT_POINT_IN_TIME
2015-04-21,2,retrospective-samplefirms:2015-04-21,34,ABG|ACY|AMGN|BHI|BRCM|CAMP|CSFL|DD|DOV|EAT|ECHO|FTI|FULT|GCI|GPC|GSBC|HOG|INFN|IRBT|KMB|LECO|LMT|LTXB|MAN|MTG|NVR|OMC|SAH|STBA|UA|UBNK|UTX|VMW|VZ,vgreg/hacked_earnings_jfe,c23c7d79d067a79d70cf20e31b072d3703497eae,bbb68de172f7ab2104714513a72547f3dad3b86c,RETROSPECTIVE_SAMPLE_FIRMS,DEFINITION_ONLY_NOT_POINT_IN_TIME,RETROSPECTIVE_SAMPLE_NOT_POINT_IN_TIME
2015-04-22,4,retrospective-samplefirms:2015-04-22,42,ABT|AF|ALGT|AN|AZZ|BA|BK|BRKL|CATY|CLGX|CNMD|CVA|EFX|EMC|FB|FCCO|FTK|GNTX|HNI|IBKC|LAD|LVS|MCD|MCRI|MORN|MPWR|OC|OII|OSBC|QCOM|SEIC|SGMO|SIX|TMK|TROW|TSCO|TUP|TXN|UFI|USTR|VMI|XLNX,vgreg/hacked_earnings_jfe,c23c7d79d067a79d70cf20e31b072d3703497eae,bbb68de172f7ab2104714513a72547f3dad3b86c,RETROSPECTIVE_SAMPLE_FIRMS,DEFINITION_ONLY_NOT_POINT_IN_TIME,RETROSPECTIVE_SAMPLE_NOT_POINT_IN_TIME
2015-04-27,5,retrospective-samplefirms:2015-04-27,20,AI|ALSN|BHLB|CDNS|CUDA|DMRC|HAE|IPHS|JLL|MBVT|MCY|MDXG|MSA|OLN|PKT|PLT|ROP|SOHU|SSNC|UHS,vgreg/hacked_earnings_jfe,c23c7d79d067a79d70cf20e31b072d3703497eae,bbb68de172f7ab2104714513a72547f3dad3b86c,RETROSPECTIVE_SAMPLE_FIRMS,DEFINITION_ONLY_NOT_POINT_IN_TIME,RETROSPECTIVE_SAMPLE_NOT_POINT_IN_TIME
2015-04-28,2,retrospective-samplefirms:2015-04-28,64,AFL|AKAM|ALLY|BBSI|BOOM|BSX|CALX|CAS|CGI|CINF|CLF|CNC|CNX|CRY|CUBI|DORM|EPZM|ESRX|ETR|F|FARO|FBC|FCF|FMER|GNW|GPI|HBCP|HLIT|HSII|HSP|IACI|IDXX|IG|INAP|IPHI|JBLU|KRFT|LXK|MHFI|MSL|MSTR|NATI|NEO|PAG|PNRA|RNST|RPXC|RRC|SBCF|SC|SCL|SIRI|SLCA|SWI|TPX|UTHR|VDSI|VLO|WDC|WHR|WSBC|WWW|WYN|X,vgreg/hacked_earnings_jfe,c23c7d79d067a79d70cf20e31b072d3703497eae,bbb68de172f7ab2104714513a72547f3dad3b86c,RETROSPECTIVE_SAMPLE_FIRMS,DEFINITION_ONLY_NOT_POINT_IN_TIME,RETROSPECTIVE_SAMPLE_NOT_POINT_IN_TIME
2015-04-29,5,retrospective-samplefirms:2015-04-29,71,ACCO|AME|AR|ARRS|BEN|BGCP|CAVM|CBZ|CFFN|CFR|CNO|CNW|COHR|CSCD|CWT|DHX|ECOL|ELX|EPE|FORM|GD|GEVA|GRUB|GT|HCBK|HOLX|HOS|HY|ICON|INTT|INUV|IP|ISIL|KEG|KEX|KRA|KWR|LL|LOPE|LQ|LTRX|LVLT|MAR|MDLZ|MPX|MTOR|NBBC|NEE|NOC|NSC|OGS|PCBK|PCG|PRXL|QUIK|RES|ROL|SAIA|SAM|SCI|SGI|SIGI|SO|SPR|SPW|STAA|STL|TILE|TREC|VAR|YELP,vgreg/hacked_earnings_jfe,c23c7d79d067a79d70cf20e31b072d3703497eae,bbb68de172f7ab2104714513a72547f3dad3b86c,RETROSPECTIVE_SAMPLE_FIRMS,DEFINITION_ONLY_NOT_POINT_IN_TIME,RETROSPECTIVE_SAMPLE_NOT_POINT_IN_TIME
2015-04-30,6,retrospective-samplefirms:2015-04-30,95,ABAX|ADUS|APD|ARAY|AVP|AXTI|BCOR|BFAM|BIOL|BLL|BYD|CAH|CALD|CASH|CENX|CLMS|CLRO|CME|CQH|CRR|CVI|CY|DBD|DGI|DIN|DRQ|DRRX|DWA|EEP|ERIE|EXPE|FEYE|FHCO|FSS|HHS|HLS|HTWR|HUN|IDA|ISBC|ITC|JDSU|LANC|LBY|LEG|LNG|LNT|LYV|MOS|MRC|MYCC|NBIX|NI|NKTR|NR|NTRI|NUTR|OMCL|OMG|PATK|PEBO|PES|PF|PODD|POL|PWR|RKUS|SCG|SEM|SKYW|SMP|SNMX|SPF|SPN|SPWR|TASR|THG|THRM|TKR|TLMR|TNDM|TRMB|TSYS|TWI|TXTR|UFS|UTI|UVE|V|VAC|VIAB|VLY|VVI|WST|ZMH,vgreg/hacked_earnings_jfe,c23c7d79d067a79d70cf20e31b072d3703497eae,bbb68de172f7ab2104714513a72547f3dad3b86c,RETROSPECTIVE_SAMPLE_FIRMS,DEFINITION_ONLY_NOT_POINT_IN_TIME,RETROSPECTIVE_SAMPLE_NOT_POINT_IN_TIME
2015-05-04,5,retrospective-samplefirms:2015-05-04,40,ACRX|APC|ARCB|ARRY|BKH|BSFT|CACB|CEVA|CNA|CTSH|D|DO|DVA|ELNK|EOG|FNF|HSIC|IGTE|IM|IPWR|KS|L|LMNX|LSCC|MATX|MERU|MGM|MTSC|NTK|NUVA|PQ|PTCT|QLYS|RLGY|SGY|SNHY|VMC|WLK|XEC|XNCR,vgreg/hacked_earnings_jfe,c23c7d79d067a79d70cf20e31b072d3703497eae,bbb68de172f7ab2104714513a72547f3dad3b86c,RETROSPECTIVE_SAMPLE_FIRMS,DEFINITION_ONLY_NOT_POINT_IN_TIME,RETROSPECTIVE_SAMPLE_NOT_POINT_IN_TIME
2015-05-05,1,retrospective-samplefirms:2015-05-05,65,ABCO|ACLS|ALL|ALR|AMRI|ANDE|ANIP|ARC|AXGN|BIO|BPI|CDI|COUP|CRAY|CSV|CTL|CVLT|CVU|CYNO|DW|ENR|ERA|EVOL|EXAM|GCAP|GHDX|HRC|JIVE|K|KAR|KMT|MDC|MDCO|MSO|NBL|NFX|NMIH|NWPX|OCLR|OKE|OUT|PKD|POWL|SABR|SALE|SCOR|SGA|SPAR|SRE|SWX|SYX|TDG|TECH|TEG|TMH|TNET|TROV|TRW|USAK|VVUS|WEC|WG|WTW|Y|ZLTQ,vgreg/hacked_earnings_jfe,c23c7d79d067a79d70cf20e31b072d3703497eae,bbb68de172f7ab2104714513a72547f3dad3b86c,RETROSPECTIVE_SAMPLE_FIRMS,DEFINITION_ONLY_NOT_POINT_IN_TIME,RETROSPECTIVE_SAMPLE_NOT_POINT_IN_TIME
2015-05-06,4,retrospective-samplefirms:2015-05-06,73,ACAS|AHS|ALB|ALG|ALXA|ATML|AVA|BIOD|CHGG|CHH|CLR|CPE|CPK|CTIC|CVO|CZR|EGAN|EPM|EXTR|FGL|FRP|FRPH|GDP|GTE|HAIN|HE|IFT|IL|JKHY|JNP|LCI|LG|LOV|MASI|MATR|MIG|MKL|MRIN|MRTX|NEWP|NNBR|NP|NUS|NXTM|OAS|PDLI|PEGA|PKOH|PNNT|POWR|PRCP|QTM|REMY|RNWK|SALM|SBGI|SD|SE|SLH|SN|SQNM|THRX|TMHC|TSLA|VG|VNDA|VOYA|VSI|VVC|WBMD|WD|WEN|WTI,vgreg/hacked_earnings_jfe,c23c7d79d067a79d70cf20e31b072d3703497eae,bbb68de172f7ab2104714513a72547f3dad3b86c,RETROSPECTIVE_SAMPLE_FIRMS,DEFINITION_ONLY_NOT_POINT_IN_TIME,RETROSPECTIVE_SAMPLE_NOT_POINT_IN_TIME
2015-05-19,2,retrospective-samplefirms:2015-05-19,4,DKS|DY|HD|VSAT,vgreg/hacked_earnings_jfe,c23c7d79d067a79d70cf20e31b072d3703497eae,bbb68de172f7ab2104714513a72547f3dad3b86c,RETROSPECTIVE_SAMPLE_FIRMS,DEFINITION_ONLY_NOT_POINT_IN_TIME,RETROSPECTIVE_SAMPLE_NOT_POINT_IN_TIME
2015-05-20,1,retrospective-samplefirms:2015-05-20,8,BRS|CRM|EV|EVLV|LB|LOW|NTAP|SNPS,vgreg/hacked_earnings_jfe,c23c7d79d067a79d70cf20e31b072d3703497eae,bbb68de172f7ab2104714513a72547f3dad3b86c,RETROSPECTIVE_SAMPLE_FIRMS,DEFINITION_ONLY_NOT_POINT_IN_TIME,RETROSPECTIVE_SAMPLE_NOT_POINT_IN_TIME
