historical_symbol,requirement_count,first_date,last_date,required_dates
ACHC,22,2015-03-27,2015-04-28,2015-03-27|2015-03-30|2015-03-31|2015-04-01|2015-04-02|2015-04-06|2015-04-07|2015-04-08|2015-04-09|2015-04-10|2015-04-13|2015-04-14|2015-04-15|2015-04-16|2015-04-17|2015-04-20|2015-04-21|2015-04-22|2015-04-23|2015-04-24|2015-04-27|2015-04-28
ACO,22,2013-03-26,2013-04-25,2013-03-26|2013-03-27|2013-03-28|2013-04-01|2013-04-02|2013-04-03|2013-04-04|2013-04-05|2013-04-08|2013-04-09|2013-04-10|2013-04-11|2013-04-12|2013-04-15|2013-04-16|2013-04-17|2013-04-18|2013-04-19|2013-04-22|2013-04-23|2013-04-24|2013-04-25
ADI,44,2015-01-15,2015-05-19,2015-01-15|2015-01-16|2015-01-20|2015-01-21|2015-01-22|2015-01-23|2015-01-26|2015-01-27|2015-01-28|2015-01-29|2015-01-30|2015-02-02|2015-02-03|2015-02-04|2015-02-05|2015-02-06|2015-02-09|2015-02-10|2015-02-11|2015-02-12|2015-02-13|2015-02-17|2015-04-20|2015-04-21|2015-04-22|2015-04-23|2015-04-24|2015-04-27|2015-04-28|2015-04-29|2015-04-30|2015-05-01|2015-05-04|2015-05-05|2015-05-06|2015-05-07|2015-05-08|2015-05-11|2015-05-12|2015-05-13|2015-05-14|2015-05-15|2015-05-18|2015-05-19
AF,22,2011-12-22,2012-01-25,2011-12-22|2011-12-23|2011-12-27|2011-12-28|2011-12-29|2011-12-30|2012-01-03|2012-01-04|2012-01-05|2012-01-06|2012-01-09|2012-01-10|2012-01-11|2012-01-12|2012-01-13|2012-01-17|2012-01-18|2012-01-19|2012-01-20|2012-01-23|2012-01-24|2012-01-25
AGP,22,2011-09-28,2011-10-27,2011-09-28|2011-09-29|2011-09-30|2011-10-03|2011-10-04|2011-10-05|2011-10-06|2011-10-07|2011-10-10|2011-10-11|2011-10-12|2011-10-13|2011-10-14|2011-10-17|2011-10-18|2011-10-19|2011-10-20|2011-10-21|2011-10-24|2011-10-25|2011-10-26|2011-10-27
ALGN,22,2013-09-18,2013-10-17,2013-09-18|2013-09-19|2013-09-20|2013-09-23|2013-09-24|2013-09-25|2013-09-26|2013-09-27|2013-09-30|2013-10-01|2013-10-02|2013-10-03|2013-10-04|2013-10-07|2013-10-08|2013-10-09|2013-10-10|2013-10-11|2013-10-14|2013-10-15|2013-10-16|2013-10-17
ALNY,22,2015-01-13,2015-02-12,2015-01-13|2015-01-14|2015-01-15|2015-01-16|2015-01-20|2015-01-21|2015-01-22|2015-01-23|2015-01-26|2015-01-27|2015-01-28|2015-01-29|2015-01-30|2015-02-02|2015-02-03|2015-02-04|2015-02-05|2015-02-06|2015-02-09|2015-02-10|2015-02-11|2015-02-12
ALSN,22,2015-03-26,2015-04-27,2015-03-26|2015-03-27|2015-03-30|2015-03-31|2015-04-01|2015-04-02|2015-04-06|2015-04-07|2015-04-08|2015-04-09|2015-04-10|2015-04-13|2015-04-14|2015-04-15|2015-04-16|2015-04-17|2015-04-20|2015-04-21|2015-04-22|2015-04-23|2015-04-24|2015-04-27
AMD,22,2013-09-18,2013-10-17,2013-09-18|2013-09-19|2013-09-20|2013-09-23|2013-09-24|2013-09-25|2013-09-26|2013-09-27|2013-09-30|2013-10-01|2013-10-02|2013-10-03|2013-10-04|2013-10-07|2013-10-08|2013-10-09|2013-10-10|2013-10-11|2013-10-14|2013-10-15|2013-10-16|2013-10-17
AMP,22,2015-03-23,2015-04-22,2015-03-23|2015-03-24|2015-03-25|2015-03-26|2015-03-27|2015-03-30|2015-03-31|2015-04-01|2015-04-02|2015-04-06|2015-04-07|2015-04-08|2015-04-09|2015-04-10|2015-04-13|2015-04-14|2015-04-15|2015-04-16|2015-04-17|2015-04-20|2015-04-21|2015-04-22
AMSG,22,2015-01-26,2015-02-25,2015-01-26|2015-01-27|2015-01-28|2015-01-29|2015-01-30|2015-02-02|2015-02-03|2015-02-04|2015-02-05|2015-02-06|2015-02-09|2015-02-10|2015-02-11|2015-02-12|2015-02-13|2015-02-17|2015-02-18|2015-02-19|2015-02-20|2015-02-23|2015-02-24|2015-02-25
APC,22,2013-04-05,2013-05-06,2013-04-05|2013-04-08|2013-04-09|2013-04-10|2013-04-11|2013-04-12|2013-04-15|2013-04-16|2013-04-17|2013-04-18|2013-04-19|2013-04-22|2013-04-23|2013-04-24|2013-04-25|2013-04-26|2013-04-29|2013-04-30|2013-05-01|2013-05-02|2013-05-03|2013-05-06
ATRC,22,2015-01-22,2015-02-23,2015-01-22|2015-01-23|2015-01-26|2015-01-27|2015-01-28|2015-01-29|2015-01-30|2015-02-02|2015-02-03|2015-02-04|2015-02-05|2015-02-06|2015-02-09|2015-02-10|2015-02-11|2015-02-12|2015-02-13|2015-02-17|2015-02-18|2015-02-19|2015-02-20|2015-02-23
AVA,22,2013-01-17,2013-02-19,2013-01-17|2013-01-18|2013-01-22|2013-01-23|2013-01-24|2013-01-25|2013-01-28|2013-01-29|2013-01-30|2013-01-31|2013-02-01|2013-02-04|2013-02-05|2013-02-06|2013-02-07|2013-02-08|2013-02-11|2013-02-12|2013-02-13|2013-02-14|2013-02-15|2013-02-19
BA,22,2011-12-21,2012-01-24,2011-12-21|2011-12-22|2011-12-23|2011-12-27|2011-12-28|2011-12-29|2011-12-30|2012-01-03|2012-01-04|2012-01-05|2012-01-06|2012-01-09|2012-01-10|2012-01-11|2012-01-12|2012-01-13|2012-01-17|2012-01-18|2012-01-19|2012-01-20|2012-01-23|2012-01-24
BCR,22,2014-12-29,2015-01-29,2014-12-29|2014-12-30|2014-12-31|2015-01-02|2015-01-05|2015-01-06|2015-01-07|2015-01-08|2015-01-09|2015-01-12|2015-01-13|2015-01-14|2015-01-15|2015-01-16|2015-01-20|2015-01-21|2015-01-22|2015-01-23|2015-01-26|2015-01-27|2015-01-28|2015-01-29
BIO,22,2013-04-08,2013-05-07,2013-04-08|2013-04-09|2013-04-10|2013-04-11|2013-04-12|2013-04-15|2013-04-16|2013-04-17|2013-04-18|2013-04-19|2013-04-22|2013-04-23|2013-04-24|2013-04-25|2013-04-26|2013-04-29|2013-04-30|2013-05-01|2013-05-02|2013-05-03|2013-05-06|2013-05-07
BRKR,22,2015-04-07,2015-05-06,2015-04-07|2015-04-08|2015-04-09|2015-04-10|2015-04-13|2015-04-14|2015-04-15|2015-04-16|2015-04-17|2015-04-20|2015-04-21|2015-04-22|2015-04-23|2015-04-24|2015-04-27|2015-04-28|2015-04-29|2015-04-30|2015-05-01|2015-05-04|2015-05-05|2015-05-06
BWA,22,2011-06-27,2011-07-27,2011-06-27|2011-06-28|2011-06-29|2011-06-30|2011-07-01|2011-07-05|2011-07-06|2011-07-07|2011-07-08|2011-07-11|2011-07-12|2011-07-13|2011-07-14|2011-07-15|2011-07-18|2011-07-19|2011-07-20|2011-07-21|2011-07-22|2011-07-25|2011-07-26|2011-07-27
CA,44,2011-06-20,2012-01-24,2011-06-20|2011-06-21|2011-06-22|2011-06-23|2011-06-24|2011-06-27|2011-06-28|2011-06-29|2011-06-30|2011-07-01|2011-07-05|2011-07-06|2011-07-07|2011-07-08|2011-07-11|2011-07-12|2011-07-13|2011-07-14|2011-07-15|2011-07-18|2011-07-19|2011-07-20|2011-12-21|2011-12-22|2011-12-23|2011-12-27|2011-12-28|2011-12-29|2011-12-30|2012-01-03|2012-01-04|2012-01-05|2012-01-06|2012-01-09|2012-01-10|2012-01-11|2012-01-12|2012-01-13|2012-01-17|2012-01-18|2012-01-19|2012-01-20|2012-01-23|2012-01-24
CACI,22,2015-03-30,2015-04-29,2015-03-30|2015-03-31|2015-04-01|2015-04-02|2015-04-06|2015-04-07|2015-04-08|2015-04-09|2015-04-10|2015-04-13|2015-04-14|2015-04-15|2015-04-16|2015-04-17|2015-04-20|2015-04-21|2015-04-22|2015-04-23|2015-04-24|2015-04-27|2015-04-28|2015-04-29
CAG,22,2015-02-24,2015-03-25,2015-02-24|2015-02-25|2015-02-26|2015-02-27|2015-03-02|2015-03-03|2015-03-04|2015-03-05|2015-03-06|2015-03-09|2015-03-10|2015-03-11|2015-03-12|2015-03-13|2015-03-16|2015-03-17|2015-03-18|2015-03-19|2015-03-20|2015-03-23|2015-03-24|2015-03-25
CAKE,22,2015-03-23,2015-04-22,2015-03-23|2015-03-24|2015-03-25|2015-03-26|2015-03-27|2015-03-30|2015-03-31|2015-04-01|2015-04-02|2015-04-06|2015-04-07|2015-04-08|2015-04-09|2015-04-10|2015-04-13|2015-04-14|2015-04-15|2015-04-16|2015-04-17|2015-04-20|2015-04-21|2015-04-22
CAMP,22,2013-03-26,2013-04-25,2013-03-26|2013-03-27|2013-03-28|2013-04-01|2013-04-02|2013-04-03|2013-04-04|2013-04-05|2013-04-08|2013-04-09|2013-04-10|2013-04-11|2013-04-12|2013-04-15|2013-04-16|2013-04-17|2013-04-18|2013-04-19|2013-04-22|2013-04-23|2013-04-24|2013-04-25
CAT,22,2011-12-22,2012-01-25,2011-12-22|2011-12-23|2011-12-27|2011-12-28|2011-12-29|2011-12-30|2012-01-03|2012-01-04|2012-01-05|2012-01-06|2012-01-09|2012-01-10|2012-01-11|2012-01-12|2012-01-13|2012-01-17|2012-01-18|2012-01-19|2012-01-20|2012-01-23|2012-01-24|2012-01-25
CB,22,2011-12-23,2012-01-26,2011-12-23|2011-12-27|2011-12-28|2011-12-29|2011-12-30|2012-01-03|2012-01-04|2012-01-05|2012-01-06|2012-01-09|2012-01-10|2012-01-11|2012-01-12|2012-01-13|2012-01-17|2012-01-18|2012-01-19|2012-01-20|2012-01-23|2012-01-24|2012-01-25|2012-01-26
CBT,22,2015-03-30,2015-04-29,2015-03-30|2015-03-31|2015-04-01|2015-04-02|2015-04-06|2015-04-07|2015-04-08|2015-04-09|2015-04-10|2015-04-13|2015-04-14|2015-04-15|2015-04-16|2015-04-17|2015-04-20|2015-04-21|2015-04-22|2015-04-23|2015-04-24|2015-04-27|2015-04-28|2015-04-29
CENX,22,2013-03-26,2013-04-25,2013-03-26|2013-03-27|2013-03-28|2013-04-01|2013-04-02|2013-04-03|2013-04-04|2013-04-05|2013-04-08|2013-04-09|2013-04-10|2013-04-11|2013-04-12|2013-04-15|2013-04-16|2013-04-17|2013-04-18|2013-04-19|2013-04-22|2013-04-23|2013-04-24|2013-04-25
CGNX,44,2015-01-13,2015-05-04,2015-01-13|2015-01-14|2015-01-15|2015-01-16|2015-01-20|2015-01-21|2015-01-22|2015-01-23|2015-01-26|2015-01-27|2015-01-28|2015-01-29|2015-01-30|2015-02-02|2015-02-03|2015-02-04|2015-02-05|2015-02-06|2015-02-09|2015-02-10|2015-02-11|2015-02-12|2015-04-02|2015-04-06|2015-04-07|2015-04-08|2015-04-09|2015-04-10|2015-04-13|2015-04-14|2015-04-15|2015-04-16|2015-04-17|2015-04-20|2015-04-21|2015-04-22|2015-04-23|2015-04-24|2015-04-27|2015-04-28|2015-04-29|2015-04-30|2015-05-01|2015-05-04
CLD,44,2015-01-15,2015-04-30,2015-01-15|2015-01-16|2015-01-20|2015-01-21|2015-01-22|2015-01-23|2015-01-26|2015-01-27|2015-01-28|2015-01-29|2015-01-30|2015-02-02|2015-02-03|2015-02-04|2015-02-05|2015-02-06|2015-02-09|2015-02-10|2015-02-11|2015-02-12|2015-02-13|2015-02-17|2015-03-31|2015-04-01|2015-04-02|2015-04-06|2015-04-07|2015-04-08|2015-04-09|2015-04-10|2015-04-13|2015-04-14|2015-04-15|2015-04-16|2015-04-17|2015-04-20|2015-04-21|2015-04-22|2015-04-23|2015-04-24|2015-04-27|2015-04-28|2015-04-29|2015-04-30
CMP,22,2015-03-26,2015-04-27,2015-03-26|2015-03-27|2015-03-30|2015-03-31|2015-04-01|2015-04-02|2015-04-06|2015-04-07|2015-04-08|2015-04-09|2015-04-10|2015-04-13|2015-04-14|2015-04-15|2015-04-16|2015-04-17|2015-04-20|2015-04-21|2015-04-22|2015-04-23|2015-04-24|2015-04-27
CMTL,22,2014-11-07,2014-12-10,2014-11-07|2014-11-10|2014-11-11|2014-11-12|2014-11-13|2014-11-14|2014-11-17|2014-11-18|2014-11-19|2014-11-20|2014-11-21|2014-11-24|2014-11-25|2014-11-26|2014-12-01|2014-12-02|2014-12-03|2014-12-04|2014-12-05|2014-12-08|2014-12-09|2014-12-10
CNMD,22,2011-03-28,2011-04-27,2011-03-28|2011-03-29|2011-03-30|2011-03-31|2011-04-01|2011-04-04|2011-04-05|2011-04-06|2011-04-07|2011-04-08|2011-04-11|2011-04-12|2011-04-13|2011-04-14|2011-04-15|2011-04-18|2011-04-19|2011-04-20|2011-04-21|2011-04-25|2011-04-26|2011-04-27
COL,22,2015-03-23,2015-04-22,2015-03-23|2015-03-24|2015-03-25|2015-03-26|2015-03-27|2015-03-30|2015-03-31|2015-04-01|2015-04-02|2015-04-06|2015-04-07|2015-04-08|2015-04-09|2015-04-10|2015-04-13|2015-04-14|2015-04-15|2015-04-16|2015-04-17|2015-04-20|2015-04-21|2015-04-22
COLM,44,2015-01-13,2015-04-30,2015-01-13|2015-01-14|2015-01-15|2015-01-16|2015-01-20|2015-01-21|2015-01-22|2015-01-23|2015-01-26|2015-01-27|2015-01-28|2015-01-29|2015-01-30|2015-02-02|2015-02-03|2015-02-04|2015-02-05|2015-02-06|2015-02-09|2015-02-10|2015-02-11|2015-02-12|2015-03-31|2015-04-01|2015-04-02|2015-04-06|2015-04-07|2015-04-08|2015-04-09|2015-04-10|2015-04-13|2015-04-14|2015-04-15|2015-04-16|2015-04-17|2015-04-20|2015-04-21|2015-04-22|2015-04-23|2015-04-24|2015-04-27|2015-04-28|2015-04-29|2015-04-30
CR,22,2015-03-26,2015-04-27,2015-03-26|2015-03-27|2015-03-30|2015-03-31|2015-04-01|2015-04-02|2015-04-06|2015-04-07|2015-04-08|2015-04-09|2015-04-10|2015-04-13|2015-04-14|2015-04-15|2015-04-16|2015-04-17|2015-04-20|2015-04-21|2015-04-22|2015-04-23|2015-04-24|2015-04-27
CREE,44,2014-12-16,2015-04-21,2014-12-16|2014-12-17|2014-12-18|2014-12-19|2014-12-22|2014-12-23|2014-12-26|2014-12-29|2014-12-30|2014-12-31|2015-01-02|2015-01-05|2015-01-06|2015-01-07|2015-01-08|2015-01-09|2015-01-12|2015-01-13|2015-01-14|2015-01-15|2015-01-16|2015-01-20|2015-03-20|2015-03-23|2015-03-24|2015-03-25|2015-03-26|2015-03-27|2015-03-30|2015-03-31|2015-04-01|2015-04-02|2015-04-06|2015-04-07|2015-04-08|2015-04-09|2015-04-10|2015-04-13|2015-04-14|2015-04-15|2015-04-16|2015-04-17|2015-04-20|2015-04-21
CRL,22,2015-01-09,2015-02-10,2015-01-09|2015-01-12|2015-01-13|2015-01-14|2015-01-15|2015-01-16|2015-01-20|2015-01-21|2015-01-22|2015-01-23|2015-01-26|2015-01-27|2015-01-28|2015-01-29|2015-01-30|2015-02-02|2015-02-03|2015-02-04|2015-02-05|2015-02-06|2015-02-09|2015-02-10
CSOD,22,2015-04-07,2015-05-06,2015-04-07|2015-04-08|2015-04-09|2015-04-10|2015-04-13|2015-04-14|2015-04-15|2015-04-16|2015-04-17|2015-04-20|2015-04-21|2015-04-22|2015-04-23|2015-04-24|2015-04-27|2015-04-28|2015-04-29|2015-04-30|2015-05-01|2015-05-04|2015-05-05|2015-05-06
DE,22,2015-01-20,2015-02-19,2015-01-20|2015-01-21|2015-01-22|2015-01-23|2015-01-26|2015-01-27|2015-01-28|2015-01-29|2015-01-30|2015-02-02|2015-02-03|2015-02-04|2015-02-05|2015-02-06|2015-02-09|2015-02-10|2015-02-11|2015-02-12|2015-02-13|2015-02-17|2015-02-18|2015-02-19
DEST,22,2011-12-22,2012-01-25,2011-12-22|2011-12-23|2011-12-27|2011-12-28|2011-12-29|2011-12-30|2012-01-03|2012-01-04|2012-01-05|2012-01-06|2012-01-09|2012-01-10|2012-01-11|2012-01-12|2012-01-13|2012-01-17|2012-01-18|2012-01-19|2012-01-20|2012-01-23|2012-01-24|2012-01-25
DGI,66,2012-06-29,2015-02-26,2012-06-29|2012-07-02|2012-07-03|2012-07-05|2012-07-06|2012-07-09|2012-07-10|2012-07-11|2012-07-12|2012-07-13|2012-07-16|2012-07-17|2012-07-18|2012-07-19|2012-07-20|2012-07-23|2012-07-24|2012-07-25|2012-07-26|2012-07-27|2012-07-30|2012-07-31|2013-04-08|2013-04-09|2013-04-10|2013-04-11|2013-04-12|2013-04-15|2013-04-16|2013-04-17|2013-04-18|2013-04-19|2013-04-22|2013-04-23|2013-04-24|2013-04-25|2013-04-26|2013-04-29|2013-04-30|2013-05-01|2013-05-02|2013-05-03|2013-05-06|2013-05-07|2015-01-27|2015-01-28|2015-01-29|2015-01-30|2015-02-02|2015-02-03|2015-02-04|2015-02-05|2015-02-06|2015-02-09|2015-02-10|2015-02-11|2015-02-12|2015-02-13|2015-02-17|2015-02-18|2015-02-19|2015-02-20|2015-02-23|2015-02-24|2015-02-25|2015-02-26
DNDN,22,2011-07-05,2011-08-03,2011-07-05|2011-07-06|2011-07-07|2011-07-08|2011-07-11|2011-07-12|2011-07-13|2011-07-14|2011-07-15|2011-07-18|2011-07-19|2011-07-20|2011-07-21|2011-07-22|2011-07-25|2011-07-26|2011-07-27|2011-07-28|2011-07-29|2011-08-01|2011-08-02|2011-08-03
DXCM,22,2015-01-26,2015-02-25,2015-01-26|2015-01-27|2015-01-28|2015-01-29|2015-01-30|2015-02-02|2015-02-03|2015-02-04|2015-02-05|2015-02-06|2015-02-09|2015-02-10|2015-02-11|2015-02-12|2015-02-13|2015-02-17|2015-02-18|2015-02-19|2015-02-20|2015-02-23|2015-02-24|2015-02-25
DYN,22,2015-04-07,2015-05-06,2015-04-07|2015-04-08|2015-04-09|2015-04-10|2015-04-13|2015-04-14|2015-04-15|2015-04-16|2015-04-17|2015-04-20|2015-04-21|2015-04-22|2015-04-23|2015-04-24|2015-04-27|2015-04-28|2015-04-29|2015-04-30|2015-05-01|2015-05-04|2015-05-05|2015-05-06
EA,22,2014-12-23,2015-01-27,2014-12-23|2014-12-26|2014-12-29|2014-12-30|2014-12-31|2015-01-02|2015-01-05|2015-01-06|2015-01-07|2015-01-08|2015-01-09|2015-01-12|2015-01-13|2015-01-14|2015-01-15|2015-01-16|2015-01-20|2015-01-21|2015-01-22|2015-01-23|2015-01-26|2015-01-27
ECHO,22,2013-03-26,2013-04-25,2013-03-26|2013-03-27|2013-03-28|2013-04-01|2013-04-02|2013-04-03|2013-04-04|2013-04-05|2013-04-08|2013-04-09|2013-04-10|2013-04-11|2013-04-12|2013-04-15|2013-04-16|2013-04-17|2013-04-18|2013-04-19|2013-04-22|2013-04-23|2013-04-24|2013-04-25
ECOL,22,2013-03-25,2013-04-24,2013-03-25|2013-03-26|2013-03-27|2013-03-28|2013-04-01|2013-04-02|2013-04-03|2013-04-04|2013-04-05|2013-04-08|2013-04-09|2013-04-10|2013-04-11|2013-04-12|2013-04-15|2013-04-16|2013-04-17|2013-04-18|2013-04-19|2013-04-22|2013-04-23|2013-04-24
EHTH,44,2011-03-25,2013-04-25,2011-03-25|2011-03-28|2011-03-29|2011-03-30|2011-03-31|2011-04-01|2011-04-04|2011-04-05|2011-04-06|2011-04-07|2011-04-08|2011-04-11|2011-04-12|2011-04-13|2011-04-14|2011-04-15|2011-04-18|2011-04-19|2011-04-20|2011-04-21|2011-04-25|2011-04-26|2013-03-26|2013-03-27|2013-03-28|2013-04-01|2013-04-02|2013-04-03|2013-04-04|2013-04-05|2013-04-08|2013-04-09|2013-04-10|2013-04-11|2013-04-12|2013-04-15|2013-04-16|2013-04-17|2013-04-18|2013-04-19|2013-04-22|2013-04-23|2013-04-24|2013-04-25
EW,44,2011-03-22,2013-04-23,2011-03-22|2011-03-23|2011-03-24|2011-03-25|2011-03-28|2011-03-29|2011-03-30|2011-03-31|2011-04-01|2011-04-04|2011-04-05|2011-04-06|2011-04-07|2011-04-08|2011-04-11|2011-04-12|2011-04-13|2011-04-14|2011-04-15|2011-04-18|2011-04-19|2011-04-20|2013-03-22|2013-03-25|2013-03-26|2013-03-27|2013-03-28|2013-04-01|2013-04-02|2013-04-03|2013-04-04|2013-04-05|2013-04-08|2013-04-09|2013-04-10|2013-04-11|2013-04-12|2013-04-15|2013-04-16|2013-04-17|2013-04-18|2013-04-19|2013-04-22|2013-04-23
F,22,2014-12-26,2015-01-28,2014-12-26|2014-12-29|2014-12-30|2014-12-31|2015-01-02|2015-01-05|2015-01-06|2015-01-07|2015-01-08|2015-01-09|2015-01-12|2015-01-13|2015-01-14|2015-01-15|2015-01-16|2015-01-20|2015-01-21|2015-01-22|2015-01-23|2015-01-26|2015-01-27|2015-01-28
FL,22,2011-07-20,2011-08-18,2011-07-20|2011-07-21|2011-07-22|2011-07-25|2011-07-26|2011-07-27|2011-07-28|2011-07-29|2011-08-01|2011-08-02|2011-08-03|2011-08-04|2011-08-05|2011-08-08|2011-08-09|2011-08-10|2011-08-11|2011-08-12|2011-08-15|2011-08-16|2011-08-17|2011-08-18
FLR,22,2015-01-15,2015-02-17,2015-01-15|2015-01-16|2015-01-20|2015-01-21|2015-01-22|2015-01-23|2015-01-26|2015-01-27|2015-01-28|2015-01-29|2015-01-30|2015-02-02|2015-02-03|2015-02-04|2015-02-05|2015-02-06|2015-02-09|2015-02-10|2015-02-11|2015-02-12|2015-02-13|2015-02-17
FLT,22,2015-03-31,2015-04-30,2015-03-31|2015-04-01|2015-04-02|2015-04-06|2015-04-07|2015-04-08|2015-04-09|2015-04-10|2015-04-13|2015-04-14|2015-04-15|2015-04-16|2015-04-17|2015-04-20|2015-04-21|2015-04-22|2015-04-23|2015-04-24|2015-04-27|2015-04-28|2015-04-29|2015-04-30
GDI,22,2013-03-26,2013-04-25,2013-03-26|2013-03-27|2013-03-28|2013-04-01|2013-04-02|2013-04-03|2013-04-04|2013-04-05|2013-04-08|2013-04-09|2013-04-10|2013-04-11|2013-04-12|2013-04-15|2013-04-16|2013-04-17|2013-04-18|2013-04-19|2013-04-22|2013-04-23|2013-04-24|2013-04-25
GILD,22,2015-01-02,2015-02-03,2015-01-02|2015-01-05|2015-01-06|2015-01-07|2015-01-08|2015-01-09|2015-01-12|2015-01-13|2015-01-14|2015-01-15|2015-01-16|2015-01-20|2015-01-21|2015-01-22|2015-01-23|2015-01-26|2015-01-27|2015-01-28|2015-01-29|2015-01-30|2015-02-02|2015-02-03
GMCR,22,2015-01-05,2015-02-04,2015-01-05|2015-01-06|2015-01-07|2015-01-08|2015-01-09|2015-01-12|2015-01-13|2015-01-14|2015-01-15|2015-01-16|2015-01-20|2015-01-21|2015-01-22|2015-01-23|2015-01-26|2015-01-27|2015-01-28|2015-01-29|2015-01-30|2015-02-02|2015-02-03|2015-02-04
GME,22,2015-02-25,2015-03-26,2015-02-25|2015-02-26|2015-02-27|2015-03-02|2015-03-03|2015-03-04|2015-03-05|2015-03-06|2015-03-09|2015-03-10|2015-03-11|2015-03-12|2015-03-13|2015-03-16|2015-03-17|2015-03-18|2015-03-19|2015-03-20|2015-03-23|2015-03-24|2015-03-25|2015-03-26
GNRC,22,2015-01-09,2015-02-10,2015-01-09|2015-01-12|2015-01-13|2015-01-14|2015-01-15|2015-01-16|2015-01-20|2015-01-21|2015-01-22|2015-01-23|2015-01-26|2015-01-27|2015-01-28|2015-01-29|2015-01-30|2015-02-02|2015-02-03|2015-02-04|2015-02-05|2015-02-06|2015-02-09|2015-02-10
GNTX,22,2013-09-20,2013-10-21,2013-09-20|2013-09-23|2013-09-24|2013-09-25|2013-09-26|2013-09-27|2013-09-30|2013-10-01|2013-10-02|2013-10-03|2013-10-04|2013-10-07|2013-10-08|2013-10-09|2013-10-10|2013-10-11|2013-10-14|2013-10-15|2013-10-16|2013-10-17|2013-10-18|2013-10-21
GORO,22,2013-04-09,2013-05-08,2013-04-09|2013-04-10|2013-04-11|2013-04-12|2013-04-15|2013-04-16|2013-04-17|2013-04-18|2013-04-19|2013-04-22|2013-04-23|2013-04-24|2013-04-25|2013-04-26|2013-04-29|2013-04-30|2013-05-01|2013-05-02|2013-05-03|2013-05-06|2013-05-07|2013-05-08
GT,22,2011-06-27,2011-07-27,2011-06-27|2011-06-28|2011-06-29|2011-06-30|2011-07-01|2011-07-05|2011-07-06|2011-07-07|2011-07-08|2011-07-11|2011-07-12|2011-07-13|2011-07-14|2011-07-15|2011-07-18|2011-07-19|2011-07-20|2011-07-21|2011-07-22|2011-07-25|2011-07-26|2011-07-27
HAE,22,2011-12-27,2012-01-27,2011-12-27|2011-12-28|2011-12-29|2011-12-30|2012-01-03|2012-01-04|2012-01-05|2012-01-06|2012-01-09|2012-01-10|2012-01-11|2012-01-12|2012-01-13|2012-01-17|2012-01-18|2012-01-19|2012-01-20|2012-01-23|2012-01-24|2012-01-25|2012-01-26|2012-01-27
HBI,22,2014-12-29,2015-01-29,2014-12-29|2014-12-30|2014-12-31|2015-01-02|2015-01-05|2015-01-06|2015-01-07|2015-01-08|2015-01-09|2015-01-12|2015-01-13|2015-01-14|2015-01-15|2015-01-16|2015-01-20|2015-01-21|2015-01-22|2015-01-23|2015-01-26|2015-01-27|2015-01-28|2015-01-29
HON,22,2011-12-23,2012-01-26,2011-12-23|2011-12-27|2011-12-28|2011-12-29|2011-12-30|2012-01-03|2012-01-04|2012-01-05|2012-01-06|2012-01-09|2012-01-10|2012-01-11|2012-01-12|2012-01-13|2012-01-17|2012-01-18|2012-01-19|2012-01-20|2012-01-23|2012-01-24|2012-01-25|2012-01-26
IBKC,22,2011-12-21,2012-01-24,2011-12-21|2011-12-22|2011-12-23|2011-12-27|2011-12-28|2011-12-29|2011-12-30|2012-01-03|2012-01-04|2012-01-05|2012-01-06|2012-01-09|2012-01-10|2012-01-11|2012-01-12|2012-01-13|2012-01-17|2012-01-18|2012-01-19|2012-01-20|2012-01-23|2012-01-24
IDTI,44,2014-12-31,2015-05-04,2014-12-31|2015-01-02|2015-01-05|2015-01-06|2015-01-07|2015-01-08|2015-01-09|2015-01-12|2015-01-13|2015-01-14|2015-01-15|2015-01-16|2015-01-20|2015-01-21|2015-01-22|2015-01-23|2015-01-26|2015-01-27|2015-01-28|2015-01-29|2015-01-30|2015-02-02|2015-04-02|2015-04-06|2015-04-07|2015-04-08|2015-04-09|2015-04-10|2015-04-13|2015-04-14|2015-04-15|2015-04-16|2015-04-17|2015-04-20|2015-04-21|2015-04-22|2015-04-23|2015-04-24|2015-04-27|2015-04-28|2015-04-29|2015-04-30|2015-05-01|2015-05-04
IDXX,22,2011-12-23,2012-01-26,2011-12-23|2011-12-27|2011-12-28|2011-12-29|2011-12-30|2012-01-03|2012-01-04|2012-01-05|2012-01-06|2012-01-09|2012-01-10|2012-01-11|2012-01-12|2012-01-13|2012-01-17|2012-01-18|2012-01-19|2012-01-20|2012-01-23|2012-01-24|2012-01-25|2012-01-26
IGT,22,2011-12-20,2012-01-23,2011-12-20|2011-12-21|2011-12-22|2011-12-23|2011-12-27|2011-12-28|2011-12-29|2011-12-30|2012-01-03|2012-01-04|2012-01-05|2012-01-06|2012-01-09|2012-01-10|2012-01-11|2012-01-12|2012-01-13|2012-01-17|2012-01-18|2012-01-19|2012-01-20|2012-01-23
ILMN,44,2014-12-23,2015-04-21,2014-12-23|2014-12-26|2014-12-29|2014-12-30|2014-12-31|2015-01-02|2015-01-05|2015-01-06|2015-01-07|2015-01-08|2015-01-09|2015-01-12|2015-01-13|2015-01-14|2015-01-15|2015-01-16|2015-01-20|2015-01-21|2015-01-22|2015-01-23|2015-01-26|2015-01-27|2015-03-20|2015-03-23|2015-03-24|2015-03-25|2015-03-26|2015-03-27|2015-03-30|2015-03-31|2015-04-01|2015-04-02|2015-04-06|2015-04-07|2015-04-08|2015-04-09|2015-04-10|2015-04-13|2015-04-14|2015-04-15|2015-04-16|2015-04-17|2015-04-20|2015-04-21
INT,22,2015-03-31,2015-04-30,2015-03-31|2015-04-01|2015-04-02|2015-04-06|2015-04-07|2015-04-08|2015-04-09|2015-04-10|2015-04-13|2015-04-14|2015-04-15|2015-04-16|2015-04-17|2015-04-20|2015-04-21|2015-04-22|2015-04-23|2015-04-24|2015-04-27|2015-04-28|2015-04-29|2015-04-30
INWK,22,2015-01-13,2015-02-12,2015-01-13|2015-01-14|2015-01-15|2015-01-16|2015-01-20|2015-01-21|2015-01-22|2015-01-23|2015-01-26|2015-01-27|2015-01-28|2015-01-29|2015-01-30|2015-02-02|2015-02-03|2015-02-04|2015-02-05|2015-02-06|2015-02-09|2015-02-10|2015-02-11|2015-02-12
ISIL,22,2013-03-25,2013-04-24,2013-03-25|2013-03-26|2013-03-27|2013-03-28|2013-04-01|2013-04-02|2013-04-03|2013-04-04|2013-04-05|2013-04-08|2013-04-09|2013-04-10|2013-04-11|2013-04-12|2013-04-15|2013-04-16|2013-04-17|2013-04-18|2013-04-19|2013-04-22|2013-04-23|2013-04-24
ISSI,22,2011-12-22,2012-01-25,2011-12-22|2011-12-23|2011-12-27|2011-12-28|2011-12-29|2011-12-30|2012-01-03|2012-01-04|2012-01-05|2012-01-06|2012-01-09|2012-01-10|2012-01-11|2012-01-12|2012-01-13|2012-01-17|2012-01-18|2012-01-19|2012-01-20|2012-01-23|2012-01-24|2012-01-25
JNPR,88,2011-03-21,2013-10-22,2011-03-21|2011-03-22|2011-03-23|2011-03-24|2011-03-25|2011-03-28|2011-03-29|2011-03-30|2011-03-31|2011-04-01|2011-04-04|2011-04-05|2011-04-06|2011-04-07|2011-04-08|2011-04-11|2011-04-12|2011-04-13|2011-04-14|2011-04-15|2011-04-18|2011-04-19|2013-03-22|2013-03-25|2013-03-26|2013-03-27|2013-03-28|2013-04-01|2013-04-02|2013-04-03|2013-04-04|2013-04-05|2013-04-08|2013-04-09|2013-04-10|2013-04-11|2013-04-12|2013-04-15|2013-04-16|2013-04-17|2013-04-18|2013-04-19|2013-04-22|2013-04-23|2013-06-20|2013-06-21|2013-06-24|2013-06-25|2013-06-26|2013-06-27|2013-06-28|2013-07-01|2013-07-02|2013-07-05|2013-07-08|2013-07-09|2013-07-10|2013-07-11|2013-07-12|2013-07-15|2013-07-16|2013-07-17|2013-07-18|2013-07-19|2013-07-22|2013-07-23|2013-09-23|2013-09-24|2013-09-25|2013-09-26|2013-09-27|2013-09-30|2013-10-01|2013-10-02|2013-10-03|2013-10-04|2013-10-07|2013-10-08|2013-10-09|2013-10-10|2013-10-11|2013-10-14|2013-10-15|2013-10-16|2013-10-17|2013-10-18|2013-10-21|2013-10-22
JWN,22,2015-01-20,2015-02-19,2015-01-20|2015-01-21|2015-01-22|2015-01-23|2015-01-26|2015-01-27|2015-01-28|2015-01-29|2015-01-30|2015-02-02|2015-02-03|2015-02-04|2015-02-05|2015-02-06|2015-02-09|2015-02-10|2015-02-11|2015-02-12|2015-02-13|2015-02-17|2015-02-18|2015-02-19
KELYA,22,2013-04-08,2013-05-07,2013-04-08|2013-04-09|2013-04-10|2013-04-11|2013-04-12|2013-04-15|2013-04-16|2013-04-17|2013-04-18|2013-04-19|2013-04-22|2013-04-23|2013-04-24|2013-04-25|2013-04-26|2013-04-29|2013-04-30|2013-05-01|2013-05-02|2013-05-03|2013-05-06|2013-05-07
KOPN,22,2015-02-06,2015-03-10,2015-02-06|2015-02-09|2015-02-10|2015-02-11|2015-02-12|2015-02-13|2015-02-17|2015-02-18|2015-02-19|2015-02-20|2015-02-23|2015-02-24|2015-02-25|2015-02-26|2015-02-27|2015-03-02|2015-03-03|2015-03-04|2015-03-05|2015-03-06|2015-03-09|2015-03-10
LRCX,22,2013-03-25,2013-04-24,2013-03-25|2013-03-26|2013-03-27|2013-03-28|2013-04-01|2013-04-02|2013-04-03|2013-04-04|2013-04-05|2013-04-08|2013-04-09|2013-04-10|2013-04-11|2013-04-12|2013-04-15|2013-04-16|2013-04-17|2013-04-18|2013-04-19|2013-04-22|2013-04-23|2013-04-24
LSCC,22,2013-03-19,2013-04-18,2013-03-19|2013-03-20|2013-03-21|2013-03-22|2013-03-25|2013-03-26|2013-03-27|2013-03-28|2013-04-01|2013-04-02|2013-04-03|2013-04-04|2013-04-05|2013-04-08|2013-04-09|2013-04-10|2013-04-11|2013-04-12|2013-04-15|2013-04-16|2013-04-17|2013-04-18
LSTR,22,2011-09-22,2011-10-21,2011-09-22|2011-09-23|2011-09-26|2011-09-27|2011-09-28|2011-09-29|2011-09-30|2011-10-03|2011-10-04|2011-10-05|2011-10-06|2011-10-07|2011-10-10|2011-10-11|2011-10-12|2011-10-13|2011-10-14|2011-10-17|2011-10-18|2011-10-19|2011-10-20|2011-10-21
MAT,22,2015-03-17,2015-04-16,2015-03-17|2015-03-18|2015-03-19|2015-03-20|2015-03-23|2015-03-24|2015-03-25|2015-03-26|2015-03-27|2015-03-30|2015-03-31|2015-04-01|2015-04-02|2015-04-06|2015-04-07|2015-04-08|2015-04-09|2015-04-10|2015-04-13|2015-04-14|2015-04-15|2015-04-16
MCRI,22,2013-03-26,2013-04-25,2013-03-26|2013-03-27|2013-03-28|2013-04-01|2013-04-02|2013-04-03|2013-04-04|2013-04-05|2013-04-08|2013-04-09|2013-04-10|2013-04-11|2013-04-12|2013-04-15|2013-04-16|2013-04-17|2013-04-18|2013-04-19|2013-04-22|2013-04-23|2013-04-24|2013-04-25
MCRL,22,2013-03-26,2013-04-25,2013-03-26|2013-03-27|2013-03-28|2013-04-01|2013-04-02|2013-04-03|2013-04-04|2013-04-05|2013-04-08|2013-04-09|2013-04-10|2013-04-11|2013-04-12|2013-04-15|2013-04-16|2013-04-17|2013-04-18|2013-04-19|2013-04-22|2013-04-23|2013-04-24|2013-04-25
MDP,22,2011-12-20,2012-01-23,2011-12-20|2011-12-21|2011-12-22|2011-12-23|2011-12-27|2011-12-28|2011-12-29|2011-12-30|2012-01-03|2012-01-04|2012-01-05|2012-01-06|2012-01-09|2012-01-10|2012-01-11|2012-01-12|2012-01-13|2012-01-17|2012-01-18|2012-01-19|2012-01-20|2012-01-23
MDU,44,2014-12-31,2015-05-04,2014-12-31|2015-01-02|2015-01-05|2015-01-06|2015-01-07|2015-01-08|2015-01-09|2015-01-12|2015-01-13|2015-01-14|2015-01-15|2015-01-16|2015-01-20|2015-01-21|2015-01-22|2015-01-23|2015-01-26|2015-01-27|2015-01-28|2015-01-29|2015-01-30|2015-02-02|2015-04-02|2015-04-06|2015-04-07|2015-04-08|2015-04-09|2015-04-10|2015-04-13|2015-04-14|2015-04-15|2015-04-16|2015-04-17|2015-04-20|2015-04-21|2015-04-22|2015-04-23|2015-04-24|2015-04-27|2015-04-28|2015-04-29|2015-04-30|2015-05-01|2015-05-04
MFRM,22,2015-02-18,2015-03-19,2015-02-18|2015-02-19|2015-02-20|2015-02-23|2015-02-24|2015-02-25|2015-02-26|2015-02-27|2015-03-02|2015-03-03|2015-03-04|2015-03-05|2015-03-06|2015-03-09|2015-03-10|2015-03-11|2015-03-12|2015-03-13|2015-03-16|2015-03-17|2015-03-18|2015-03-19
MIC,22,2015-01-16,2015-02-18,2015-01-16|2015-01-20|2015-01-21|2015-01-22|2015-01-23|2015-01-26|2015-01-27|2015-01-28|2015-01-29|2015-01-30|2015-02-02|2015-02-03|2015-02-04|2015-02-05|2015-02-06|2015-02-09|2015-02-10|2015-02-11|2015-02-12|2015-02-13|2015-02-17|2015-02-18
MKC,22,2013-02-28,2013-04-01,2013-02-28|2013-03-01|2013-03-04|2013-03-05|2013-03-06|2013-03-07|2013-03-08|2013-03-11|2013-03-12|2013-03-13|2013-03-14|2013-03-15|2013-03-18|2013-03-19|2013-03-20|2013-03-21|2013-03-22|2013-03-25|2013-03-26|2013-03-27|2013-03-28|2013-04-01
MSCC,22,2011-12-23,2012-01-26,2011-12-23|2011-12-27|2011-12-28|2011-12-29|2011-12-30|2012-01-03|2012-01-04|2012-01-05|2012-01-06|2012-01-09|2012-01-10|2012-01-11|2012-01-12|2012-01-13|2012-01-17|2012-01-18|2012-01-19|2012-01-20|2012-01-23|2012-01-24|2012-01-25|2012-01-26
MTH,44,2013-03-22,2013-07-23,2013-03-22|2013-03-25|2013-03-26|2013-03-27|2013-03-28|2013-04-01|2013-04-02|2013-04-03|2013-04-04|2013-04-05|2013-04-08|2013-04-09|2013-04-10|2013-04-11|2013-04-12|2013-04-15|2013-04-16|2013-04-17|2013-04-18|2013-04-19|2013-04-22|2013-04-23|2013-06-20|2013-06-21|2013-06-24|2013-06-25|2013-06-26|2013-06-27|2013-06-28|2013-07-01|2013-07-02|2013-07-05|2013-07-08|2013-07-09|2013-07-10|2013-07-11|2013-07-12|2013-07-15|2013-07-16|2013-07-17|2013-07-18|2013-07-19|2013-07-22|2013-07-23
MUSA,44,2011-09-21,2012-01-26,2011-09-21|2011-09-22|2011-09-23|2011-09-26|2011-09-27|2011-09-28|2011-09-29|2011-09-30|2011-10-03|2011-10-04|2011-10-05|2011-10-06|2011-10-07|2011-10-10|2011-10-11|2011-10-12|2011-10-13|2011-10-14|2011-10-17|2011-10-18|2011-10-19|2011-10-20|2011-12-23|2011-12-27|2011-12-28|2011-12-29|2011-12-30|2012-01-03|2012-01-04|2012-01-05|2012-01-06|2012-01-09|2012-01-10|2012-01-11|2012-01-12|2012-01-13|2012-01-17|2012-01-18|2012-01-19|2012-01-20|2012-01-23|2012-01-24|2012-01-25|2012-01-26
MXIM,22,2011-12-23,2012-01-26,2011-12-23|2011-12-27|2011-12-28|2011-12-29|2011-12-30|2012-01-03|2012-01-04|2012-01-05|2012-01-06|2012-01-09|2012-01-10|2012-01-11|2012-01-12|2012-01-13|2012-01-17|2012-01-18|2012-01-19|2012-01-20|2012-01-23|2012-01-24|2012-01-25|2012-01-26
NATI,44,2014-12-29,2015-04-28,2014-12-29|2014-12-30|2014-12-31|2015-01-02|2015-01-05|2015-01-06|2015-01-07|2015-01-08|2015-01-09|2015-01-12|2015-01-13|2015-01-14|2015-01-15|2015-01-16|2015-01-20|2015-01-21|2015-01-22|2015-01-23|2015-01-26|2015-01-27|2015-01-28|2015-01-29|2015-03-27|2015-03-30|2015-03-31|2015-04-01|2015-04-02|2015-04-06|2015-04-07|2015-04-08|2015-04-09|2015-04-10|2015-04-13|2015-04-14|2015-04-15|2015-04-16|2015-04-17|2015-04-20|2015-04-21|2015-04-22|2015-04-23|2015-04-24|2015-04-27|2015-04-28
NDSN,22,2015-04-20,2015-05-19,2015-04-20|2015-04-21|2015-04-22|2015-04-23|2015-04-24|2015-04-27|2015-04-28|2015-04-29|2015-04-30|2015-05-01|2015-05-04|2015-05-05|2015-05-06|2015-05-07|2015-05-08|2015-05-11|2015-05-12|2015-05-13|2015-05-14|2015-05-15|2015-05-18|2015-05-19
NKE,22,2015-02-18,2015-03-19,2015-02-18|2015-02-19|2015-02-20|2015-02-23|2015-02-24|2015-02-25|2015-02-26|2015-02-27|2015-03-02|2015-03-03|2015-03-04|2015-03-05|2015-03-06|2015-03-09|2015-03-10|2015-03-11|2015-03-12|2015-03-13|2015-03-16|2015-03-17|2015-03-18|2015-03-19
NOW,44,2014-12-26,2015-04-16,2014-12-26|2014-12-29|2014-12-30|2014-12-31|2015-01-02|2015-01-05|2015-01-06|2015-01-07|2015-01-08|2015-01-09|2015-01-12|2015-01-13|2015-01-14|2015-01-15|2015-01-16|2015-01-20|2015-01-21|2015-01-22|2015-01-23|2015-01-26|2015-01-27|2015-01-28|2015-03-17|2015-03-18|2015-03-19|2015-03-20|2015-03-23|2015-03-24|2015-03-25|2015-03-26|2015-03-27|2015-03-30|2015-03-31|2015-04-01|2015-04-02|2015-04-06|2015-04-07|2015-04-08|2015-04-09|2015-04-10|2015-04-13|2015-04-14|2015-04-15|2015-04-16
NUAN,22,2015-01-06,2015-02-05,2015-01-06|2015-01-07|2015-01-08|2015-01-09|2015-01-12|2015-01-13|2015-01-14|2015-01-15|2015-01-16|2015-01-20|2015-01-21|2015-01-22|2015-01-23|2015-01-26|2015-01-27|2015-01-28|2015-01-29|2015-01-30|2015-02-02|2015-02-03|2015-02-04|2015-02-05
NVR,22,2011-12-22,2012-01-25,2011-12-22|2011-12-23|2011-12-27|2011-12-28|2011-12-29|2011-12-30|2012-01-03|2012-01-04|2012-01-05|2012-01-06|2012-01-09|2012-01-10|2012-01-11|2012-01-12|2012-01-13|2012-01-17|2012-01-18|2012-01-19|2012-01-20|2012-01-23|2012-01-24|2012-01-25
OSK,22,2015-03-26,2015-04-27,2015-03-26|2015-03-27|2015-03-30|2015-03-31|2015-04-01|2015-04-02|2015-04-06|2015-04-07|2015-04-08|2015-04-09|2015-04-10|2015-04-13|2015-04-14|2015-04-15|2015-04-16|2015-04-17|2015-04-20|2015-04-21|2015-04-22|2015-04-23|2015-04-24|2015-04-27
P,22,2015-01-06,2015-02-05,2015-01-06|2015-01-07|2015-01-08|2015-01-09|2015-01-12|2015-01-13|2015-01-14|2015-01-15|2015-01-16|2015-01-20|2015-01-21|2015-01-22|2015-01-23|2015-01-26|2015-01-27|2015-01-28|2015-01-29|2015-01-30|2015-02-02|2015-02-03|2015-02-04|2015-02-05
PAY,44,2014-11-12,2015-03-10,2014-11-12|2014-11-13|2014-11-14|2014-11-17|2014-11-18|2014-11-19|2014-11-20|2014-11-21|2014-11-24|2014-11-25|2014-11-26|2014-12-01|2014-12-02|2014-12-03|2014-12-04|2014-12-05|2014-12-08|2014-12-09|2014-12-10|2014-12-11|2014-12-12|2014-12-15|2015-02-06|2015-02-09|2015-02-10|2015-02-11|2015-02-12|2015-02-13|2015-02-17|2015-02-18|2015-02-19|2015-02-20|2015-02-23|2015-02-24|2015-02-25|2015-02-26|2015-02-27|2015-03-02|2015-03-03|2015-03-04|2015-03-05|2015-03-06|2015-03-09|2015-03-10
PBI,22,2015-03-30,2015-04-29,2015-03-30|2015-03-31|2015-04-01|2015-04-02|2015-04-06|2015-04-07|2015-04-08|2015-04-09|2015-04-10|2015-04-13|2015-04-14|2015-04-15|2015-04-16|2015-04-17|2015-04-20|2015-04-21|2015-04-22|2015-04-23|2015-04-24|2015-04-27|2015-04-28|2015-04-29
PFPT,22,2013-03-26,2013-04-25,2013-03-26|2013-03-27|2013-03-28|2013-04-01|2013-04-02|2013-04-03|2013-04-04|2013-04-05|2013-04-08|2013-04-09|2013-04-10|2013-04-11|2013-04-12|2013-04-15|2013-04-16|2013-04-17|2013-04-18|2013-04-19|2013-04-22|2013-04-23|2013-04-24|2013-04-25
PLL,22,2015-01-22,2015-02-23,2015-01-22|2015-01-23|2015-01-26|2015-01-27|2015-01-28|2015-01-29|2015-01-30|2015-02-02|2015-02-03|2015-02-04|2015-02-05|2015-02-06|2015-02-09|2015-02-10|2015-02-11|2015-02-12|2015-02-13|2015-02-17|2015-02-18|2015-02-19|2015-02-20|2015-02-23
PNRA,88,2013-03-22,2015-02-11,2013-03-22|2013-03-25|2013-03-26|2013-03-27|2013-03-28|2013-04-01|2013-04-02|2013-04-03|2013-04-04|2013-04-05|2013-04-08|2013-04-09|2013-04-10|2013-04-11|2013-04-12|2013-04-15|2013-04-16|2013-04-17|2013-04-18|2013-04-19|2013-04-22|2013-04-23|2013-06-20|2013-06-21|2013-06-24|2013-06-25|2013-06-26|2013-06-27|2013-06-28|2013-07-01|2013-07-02|2013-07-05|2013-07-08|2013-07-09|2013-07-10|2013-07-11|2013-07-12|2013-07-15|2013-07-16|2013-07-17|2013-07-18|2013-07-19|2013-07-22|2013-07-23|2013-09-23|2013-09-24|2013-09-25|2013-09-26|2013-09-27|2013-09-30|2013-10-01|2013-10-02|2013-10-03|2013-10-04|2013-10-07|2013-10-08|2013-10-09|2013-10-10|2013-10-11|2013-10-14|2013-10-15|2013-10-16|2013-10-17|2013-10-18|2013-10-21|2013-10-22|2015-01-12|2015-01-13|2015-01-14|2015-01-15|2015-01-16|2015-01-20|2015-01-21|2015-01-22|2015-01-23|2015-01-26|2015-01-27|2015-01-28|2015-01-29|2015-01-30|2015-02-02|2015-02-03|2015-02-04|2015-02-05|2015-02-06|2015-02-09|2015-02-10|2015-02-11
POWI,22,2015-03-30,2015-04-29,2015-03-30|2015-03-31|2015-04-01|2015-04-02|2015-04-06|2015-04-07|2015-04-08|2015-04-09|2015-04-10|2015-04-13|2015-04-14|2015-04-15|2015-04-16|2015-04-17|2015-04-20|2015-04-21|2015-04-22|2015-04-23|2015-04-24|2015-04-27|2015-04-28|2015-04-29
PRU,22,2015-04-07,2015-05-06,2015-04-07|2015-04-08|2015-04-09|2015-04-10|2015-04-13|2015-04-14|2015-04-15|2015-04-16|2015-04-17|2015-04-20|2015-04-21|2015-04-22|2015-04-23|2015-04-24|2015-04-27|2015-04-28|2015-04-29|2015-04-30|2015-05-01|2015-05-04|2015-05-05|2015-05-06
PVH,22,2015-02-24,2015-03-25,2015-02-24|2015-02-25|2015-02-26|2015-02-27|2015-03-02|2015-03-03|2015-03-04|2015-03-05|2015-03-06|2015-03-09|2015-03-10|2015-03-11|2015-03-12|2015-03-13|2015-03-16|2015-03-17|2015-03-18|2015-03-19|2015-03-20|2015-03-23|2015-03-24|2015-03-25
QLIK,22,2015-01-13,2015-02-12,2015-01-13|2015-01-14|2015-01-15|2015-01-16|2015-01-20|2015-01-21|2015-01-22|2015-01-23|2015-01-26|2015-01-27|2015-01-28|2015-01-29|2015-01-30|2015-02-02|2015-02-03|2015-02-04|2015-02-05|2015-02-06|2015-02-09|2015-02-10|2015-02-11|2015-02-12
R,22,2014-12-31,2015-02-02,2014-12-31|2015-01-02|2015-01-05|2015-01-06|2015-01-07|2015-01-08|2015-01-09|2015-01-12|2015-01-13|2015-01-14|2015-01-15|2015-01-16|2015-01-20|2015-01-21|2015-01-22|2015-01-23|2015-01-26|2015-01-27|2015-01-28|2015-01-29|2015-01-30|2015-02-02
RES,22,2011-12-21,2012-01-24,2011-12-21|2011-12-22|2011-12-23|2011-12-27|2011-12-28|2011-12-29|2011-12-30|2012-01-03|2012-01-04|2012-01-05|2012-01-06|2012-01-09|2012-01-10|2012-01-11|2012-01-12|2012-01-13|2012-01-17|2012-01-18|2012-01-19|2012-01-20|2012-01-23|2012-01-24
RH,22,2015-02-25,2015-03-26,2015-02-25|2015-02-26|2015-02-27|2015-03-02|2015-03-03|2015-03-04|2015-03-05|2015-03-06|2015-03-09|2015-03-10|2015-03-11|2015-03-12|2015-03-13|2015-03-16|2015-03-17|2015-03-18|2015-03-19|2015-03-20|2015-03-23|2015-03-24|2015-03-25|2015-03-26
ROG,44,2015-01-15,2015-04-29,2015-01-15|2015-01-16|2015-01-20|2015-01-21|2015-01-22|2015-01-23|2015-01-26|2015-01-27|2015-01-28|2015-01-29|2015-01-30|2015-02-02|2015-02-03|2015-02-04|2015-02-05|2015-02-06|2015-02-09|2015-02-10|2015-02-11|2015-02-12|2015-02-13|2015-02-17|2015-03-30|2015-03-31|2015-04-01|2015-04-02|2015-04-06|2015-04-07|2015-04-08|2015-04-09|2015-04-10|2015-04-13|2015-04-14|2015-04-15|2015-04-16|2015-04-17|2015-04-20|2015-04-21|2015-04-22|2015-04-23|2015-04-24|2015-04-27|2015-04-28|2015-04-29
ROL,22,2011-12-21,2012-01-24,2011-12-21|2011-12-22|2011-12-23|2011-12-27|2011-12-28|2011-12-29|2011-12-30|2012-01-03|2012-01-04|2012-01-05|2012-01-06|2012-01-09|2012-01-10|2012-01-11|2012-01-12|2012-01-13|2012-01-17|2012-01-18|2012-01-19|2012-01-20|2012-01-23|2012-01-24
ROVI,22,2015-03-31,2015-04-30,2015-03-31|2015-04-01|2015-04-02|2015-04-06|2015-04-07|2015-04-08|2015-04-09|2015-04-10|2015-04-13|2015-04-14|2015-04-15|2015-04-16|2015-04-17|2015-04-20|2015-04-21|2015-04-22|2015-04-23|2015-04-24|2015-04-27|2015-04-28|2015-04-29|2015-04-30
SBUX,22,2014-12-18,2015-01-22,2014-12-18|2014-12-19|2014-12-22|2014-12-23|2014-12-26|2014-12-29|2014-12-30|2014-12-31|2015-01-02|2015-01-05|2015-01-06|2015-01-07|2015-01-08|2015-01-09|2015-01-12|2015-01-13|2015-01-14|2015-01-15|2015-01-16|2015-01-20|2015-01-21|2015-01-22
SCVL,22,2015-04-21,2015-05-20,2015-04-21|2015-04-22|2015-04-23|2015-04-24|2015-04-27|2015-04-28|2015-04-29|2015-04-30|2015-05-01|2015-05-04|2015-05-05|2015-05-06|2015-05-07|2015-05-08|2015-05-11|2015-05-12|2015-05-13|2015-05-14|2015-05-15|2015-05-18|2015-05-19|2015-05-20
SGEN,22,2015-03-31,2015-04-30,2015-03-31|2015-04-01|2015-04-02|2015-04-06|2015-04-07|2015-04-08|2015-04-09|2015-04-10|2015-04-13|2015-04-14|2015-04-15|2015-04-16|2015-04-17|2015-04-20|2015-04-21|2015-04-22|2015-04-23|2015-04-24|2015-04-27|2015-04-28|2015-04-29|2015-04-30
SKX,22,2015-03-23,2015-04-22,2015-03-23|2015-03-24|2015-03-25|2015-03-26|2015-03-27|2015-03-30|2015-03-31|2015-04-01|2015-04-02|2015-04-06|2015-04-07|2015-04-08|2015-04-09|2015-04-10|2015-04-13|2015-04-14|2015-04-15|2015-04-16|2015-04-17|2015-04-20|2015-04-21|2015-04-22
SM,22,2015-04-06,2015-05-05,2015-04-06|2015-04-07|2015-04-08|2015-04-09|2015-04-10|2015-04-13|2015-04-14|2015-04-15|2015-04-16|2015-04-17|2015-04-20|2015-04-21|2015-04-22|2015-04-23|2015-04-24|2015-04-27|2015-04-28|2015-04-29|2015-04-30|2015-05-01|2015-05-04|2015-05-05
SNDK,22,2014-12-17,2015-01-21,2014-12-17|2014-12-18|2014-12-19|2014-12-22|2014-12-23|2014-12-26|2014-12-29|2014-12-30|2014-12-31|2015-01-02|2015-01-05|2015-01-06|2015-01-07|2015-01-08|2015-01-09|2015-01-12|2015-01-13|2015-01-14|2015-01-15|2015-01-16|2015-01-20|2015-01-21
SNX,22,2015-03-02,2015-03-31,2015-03-02|2015-03-03|2015-03-04|2015-03-05|2015-03-06|2015-03-09|2015-03-10|2015-03-11|2015-03-12|2015-03-13|2015-03-16|2015-03-17|2015-03-18|2015-03-19|2015-03-20|2015-03-23|2015-03-24|2015-03-25|2015-03-26|2015-03-27|2015-03-30|2015-03-31
STMP,22,2013-03-25,2013-04-24,2013-03-25|2013-03-26|2013-03-27|2013-03-28|2013-04-01|2013-04-02|2013-04-03|2013-04-04|2013-04-05|2013-04-08|2013-04-09|2013-04-10|2013-04-11|2013-04-12|2013-04-15|2013-04-16|2013-04-17|2013-04-18|2013-04-19|2013-04-22|2013-04-23|2013-04-24
STT,22,2014-12-18,2015-01-22,2014-12-18|2014-12-19|2014-12-22|2014-12-23|2014-12-26|2014-12-29|2014-12-30|2014-12-31|2015-01-02|2015-01-05|2015-01-06|2015-01-07|2015-01-08|2015-01-09|2015-01-12|2015-01-13|2015-01-14|2015-01-15|2015-01-16|2015-01-20|2015-01-21|2015-01-22
SWKS,22,2014-12-18,2015-01-22,2014-12-18|2014-12-19|2014-12-22|2014-12-23|2014-12-26|2014-12-29|2014-12-30|2014-12-31|2015-01-02|2015-01-05|2015-01-06|2015-01-07|2015-01-08|2015-01-09|2015-01-12|2015-01-13|2015-01-14|2015-01-15|2015-01-16|2015-01-20|2015-01-21|2015-01-22
SYMM,22,2011-12-22,2012-01-25,2011-12-22|2011-12-23|2011-12-27|2011-12-28|2011-12-29|2011-12-30|2012-01-03|2012-01-04|2012-01-05|2012-01-06|2012-01-09|2012-01-10|2012-01-11|2012-01-12|2012-01-13|2012-01-17|2012-01-18|2012-01-19|2012-01-20|2012-01-23|2012-01-24|2012-01-25
TER,22,2014-12-26,2015-01-28,2014-12-26|2014-12-29|2014-12-30|2014-12-31|2015-01-02|2015-01-05|2015-01-06|2015-01-07|2015-01-08|2015-01-09|2015-01-12|2015-01-13|2015-01-14|2015-01-15|2015-01-16|2015-01-20|2015-01-21|2015-01-22|2015-01-23|2015-01-26|2015-01-27|2015-01-28
THC,44,2015-01-22,2015-05-04,2015-01-22|2015-01-23|2015-01-26|2015-01-27|2015-01-28|2015-01-29|2015-01-30|2015-02-02|2015-02-03|2015-02-04|2015-02-05|2015-02-06|2015-02-09|2015-02-10|2015-02-11|2015-02-12|2015-02-13|2015-02-17|2015-02-18|2015-02-19|2015-02-20|2015-02-23|2015-04-02|2015-04-06|2015-04-07|2015-04-08|2015-04-09|2015-04-10|2015-04-13|2015-04-14|2015-04-15|2015-04-16|2015-04-17|2015-04-20|2015-04-21|2015-04-22|2015-04-23|2015-04-24|2015-04-27|2015-04-28|2015-04-29|2015-04-30|2015-05-01|2015-05-04
TIBX,22,2013-08-20,2013-09-19,2013-08-20|2013-08-21|2013-08-22|2013-08-23|2013-08-26|2013-08-27|2013-08-28|2013-08-29|2013-08-30|2013-09-03|2013-09-04|2013-09-05|2013-09-06|2013-09-09|2013-09-10|2013-09-11|2013-09-12|2013-09-13|2013-09-16|2013-09-17|2013-09-18|2013-09-19
TNGO,22,2015-01-13,2015-02-12,2015-01-13|2015-01-14|2015-01-15|2015-01-16|2015-01-20|2015-01-21|2015-01-22|2015-01-23|2015-01-26|2015-01-27|2015-01-28|2015-01-29|2015-01-30|2015-02-02|2015-02-03|2015-02-04|2015-02-05|2015-02-06|2015-02-09|2015-02-10|2015-02-11|2015-02-12
TPX,22,2011-06-24,2011-07-26,2011-06-24|2011-06-27|2011-06-28|2011-06-29|2011-06-30|2011-07-01|2011-07-05|2011-07-06|2011-07-07|2011-07-08|2011-07-11|2011-07-12|2011-07-13|2011-07-14|2011-07-15|2011-07-18|2011-07-19|2011-07-20|2011-07-21|2011-07-22|2011-07-25|2011-07-26
TRAK,22,2015-01-22,2015-02-23,2015-01-22|2015-01-23|2015-01-26|2015-01-27|2015-01-28|2015-01-29|2015-01-30|2015-02-02|2015-02-03|2015-02-04|2015-02-05|2015-02-06|2015-02-09|2015-02-10|2015-02-11|2015-02-12|2015-02-13|2015-02-17|2015-02-18|2015-02-19|2015-02-20|2015-02-23
TW,22,2015-04-02,2015-05-04,2015-04-02|2015-04-06|2015-04-07|2015-04-08|2015-04-09|2015-04-10|2015-04-13|2015-04-14|2015-04-15|2015-04-16|2015-04-17|2015-04-20|2015-04-21|2015-04-22|2015-04-23|2015-04-24|2015-04-27|2015-04-28|2015-04-29|2015-04-30|2015-05-01|2015-05-04
TXRH,22,2015-01-22,2015-02-23,2015-01-22|2015-01-23|2015-01-26|2015-01-27|2015-01-28|2015-01-29|2015-01-30|2015-02-02|2015-02-03|2015-02-04|2015-02-05|2015-02-06|2015-02-09|2015-02-10|2015-02-11|2015-02-12|2015-02-13|2015-02-17|2015-02-18|2015-02-19|2015-02-20|2015-02-23
TXT,22,2015-03-26,2015-04-27,2015-03-26|2015-03-27|2015-03-30|2015-03-31|2015-04-01|2015-04-02|2015-04-06|2015-04-07|2015-04-08|2015-04-09|2015-04-10|2015-04-13|2015-04-14|2015-04-15|2015-04-16|2015-04-17|2015-04-20|2015-04-21|2015-04-22|2015-04-23|2015-04-24|2015-04-27
URI,22,2014-12-17,2015-01-21,2014-12-17|2014-12-18|2014-12-19|2014-12-22|2014-12-23|2014-12-26|2014-12-29|2014-12-30|2014-12-31|2015-01-02|2015-01-05|2015-01-06|2015-01-07|2015-01-08|2015-01-09|2015-01-12|2015-01-13|2015-01-14|2015-01-15|2015-01-16|2015-01-20|2015-01-21
VAR,22,2011-12-22,2012-01-25,2011-12-22|2011-12-23|2011-12-27|2011-12-28|2011-12-29|2011-12-30|2012-01-03|2012-01-04|2012-01-05|2012-01-06|2012-01-09|2012-01-10|2012-01-11|2012-01-12|2012-01-13|2012-01-17|2012-01-18|2012-01-19|2012-01-20|2012-01-23|2012-01-24|2012-01-25
VDSI,22,2011-09-27,2011-10-26,2011-09-27|2011-09-28|2011-09-29|2011-09-30|2011-10-03|2011-10-04|2011-10-05|2011-10-06|2011-10-07|2011-10-10|2011-10-11|2011-10-12|2011-10-13|2011-10-14|2011-10-17|2011-10-18|2011-10-19|2011-10-20|2011-10-21|2011-10-24|2011-10-25|2011-10-26
VEEV,22,2015-01-30,2015-03-03,2015-01-30|2015-02-02|2015-02-03|2015-02-04|2015-02-05|2015-02-06|2015-02-09|2015-02-10|2015-02-11|2015-02-12|2015-02-13|2015-02-17|2015-02-18|2015-02-19|2015-02-20|2015-02-23|2015-02-24|2015-02-25|2015-02-26|2015-02-27|2015-03-02|2015-03-03
VMW,66,2011-03-21,2013-10-21,2011-03-21|2011-03-22|2011-03-23|2011-03-24|2011-03-25|2011-03-28|2011-03-29|2011-03-30|2011-03-31|2011-04-01|2011-04-04|2011-04-05|2011-04-06|2011-04-07|2011-04-08|2011-04-11|2011-04-12|2011-04-13|2011-04-14|2011-04-15|2011-04-18|2011-04-19|2013-06-20|2013-06-21|2013-06-24|2013-06-25|2013-06-26|2013-06-27|2013-06-28|2013-07-01|2013-07-02|2013-07-05|2013-07-08|2013-07-09|2013-07-10|2013-07-11|2013-07-12|2013-07-15|2013-07-16|2013-07-17|2013-07-18|2013-07-19|2013-07-22|2013-07-23|2013-09-20|2013-09-23|2013-09-24|2013-09-25|2013-09-26|2013-09-27|2013-09-30|2013-10-01|2013-10-02|2013-10-03|2013-10-04|2013-10-07|2013-10-08|2013-10-09|2013-10-10|2013-10-11|2013-10-14|2013-10-15|2013-10-16|2013-10-17|2013-10-18|2013-10-21
VRSN,22,2013-03-26,2013-04-25,2013-03-26|2013-03-27|2013-03-28|2013-04-01|2013-04-02|2013-04-03|2013-04-04|2013-04-05|2013-04-08|2013-04-09|2013-04-10|2013-04-11|2013-04-12|2013-04-15|2013-04-16|2013-04-17|2013-04-18|2013-04-19|2013-04-22|2013-04-23|2013-04-24|2013-04-25
WLL,22,2015-01-26,2015-02-25,2015-01-26|2015-01-27|2015-01-28|2015-01-29|2015-01-30|2015-02-02|2015-02-03|2015-02-04|2015-02-05|2015-02-06|2015-02-09|2015-02-10|2015-02-11|2015-02-12|2015-02-13|2015-02-17|2015-02-18|2015-02-19|2015-02-20|2015-02-23|2015-02-24|2015-02-25
WMB,22,2015-01-16,2015-02-18,2015-01-16|2015-01-20|2015-01-21|2015-01-22|2015-01-23|2015-01-26|2015-01-27|2015-01-28|2015-01-29|2015-01-30|2015-02-02|2015-02-03|2015-02-04|2015-02-05|2015-02-06|2015-02-09|2015-02-10|2015-02-11|2015-02-12|2015-02-13|2015-02-17|2015-02-18
WRLD,22,2011-12-21,2012-01-24,2011-12-21|2011-12-22|2011-12-23|2011-12-27|2011-12-28|2011-12-29|2011-12-30|2012-01-03|2012-01-04|2012-01-05|2012-01-06|2012-01-09|2012-01-10|2012-01-11|2012-01-12|2012-01-13|2012-01-17|2012-01-18|2012-01-19|2012-01-20|2012-01-23|2012-01-24
WTS,22,2015-01-15,2015-02-17,2015-01-15|2015-01-16|2015-01-20|2015-01-21|2015-01-22|2015-01-23|2015-01-26|2015-01-27|2015-01-28|2015-01-29|2015-01-30|2015-02-02|2015-02-03|2015-02-04|2015-02-05|2015-02-06|2015-02-09|2015-02-10|2015-02-11|2015-02-12|2015-02-13|2015-02-17
